user,comment,time,like
绿油油旷野吸氧,我终于成为公务员了[流泪],2025-07-09 15:16:06,0
我是情书写给狐白,一定会上岸[憨笑],2025-07-09 15:01:06,1
淮南落雨,考上了吗,2025-07-09 14:39:40,0
心期过涧,关关难过关关过,2025-07-09 13:49:39,0
-你说愿我无忧_,今天中考查分  加油 祝我上岸[西西奸笑],2025-07-09 12:52:35,1
吃嗯陳_Ych,加油！,2025-07-09 12:34:57,0
NexL-,我是啥,2025-07-09 11:47:59,0
早餐吃面条-,[开门红],2025-07-09 11:29:53,0
Isitwhatyouwant,怎么样啊，兄弟,2025-07-09 10:48:15,0
虔溺,怎么样啊,2025-07-09 10:10:36,0
生活远比戏剧更荒诞与沉重,关关是难关 但我们关关过,2025-07-09 10:08:57,0
章Cheryl,中考上岸！   高分[祈祷],2025-07-09 09:58:57,1
Jauquely,中考加油！,2025-07-09 09:56:17,1
zyt116_227咖啡,关关是难关但我们关关过[小红花],2025-07-09 09:29:19,1
耿予礼,加油,2025-07-09 09:27:07,0
虚无会常存,考上了吗,2025-07-09 09:15:34,0
Typing-_-_,幸福就在下一个转角！2025.7.4终于听到现场版了！,2025-07-09 08:53:07,0
总是很呆萌,"文光破晓天门开，墨香引路入学海。
麒麟驮书踏云来，魁星执笔把名开。
文涛破浪墨挥剑劈霾，书山踏碎青云台。
德作舟来才作柴，寒窗燃尽见花开。
锦鲤乘风跃金榜，蟾宫折桂好运来。
中考考出理想成绩[拜][拜][拜][拜][拜][拜]",2025-07-09 08:22:46,1
如果敏感是天赋_DYZ7,幸福就在下一个转角,2025-07-09 07:56:29,0
楚丶越,加油鸭[大笑],2025-07-09 07:48:59,0
心有雨难放晴_7,中考上岸！查分顺利！高分高分！,2025-07-09 06:48:49,0
姐弟骨,希望可以一直活下去,2025-07-09 05:54:07,0
姐弟骨,加油呀宝宝,2025-07-09 05:53:38,0
姐弟骨,想哭,2025-07-09 05:53:25,0
刃宝o,中考上岸,2025-07-09 05:24:44,0
宅男校草,加油加油,2025-07-09 05:07:47,0
宅男校草,今天出分了 我要考入理想的高中,2025-07-09 05:07:31,1
我来自浩瀚宇宙无敌最亮眼的星星,啊,2025-07-09 05:00:19,0
醉她诚,加油加油,2025-07-09 04:22:49,0
秋天专辑,事在人为不必拿缘分二字作托词,2025-07-09 04:19:12,0
赠予诀,怎么样,2025-07-09 02:44:37,0
卿卿_mOvF,"你最近過的好不好
",2025-07-09 02:41:49,0
手写的-从前m,那是一天晚自习下课，她把我叫到一个没人的墙角，拿着一张便利贴，上面写着加油的歌词，她边看歌词边唱了起来，当时我还没听过加油，但是我看她唱的时候眼睛里就像是有光一样，我也忍不住的去拥抱了她。这首加油我从那时起一直喜欢到现在[流泪]我也不知道喜欢的是加油还是记忆里的她[流泪],2025-07-09 01:10:10,0
98早莓酱,看看？,2025-07-09 00:44:36,0
雨季无敌力量金属,马上会考就要查分了 好紧张[悲伤],2025-07-09 00:31:16,0
馨7an,关关是难关 但我们关关过,2025-07-09 00:28:45,1
_乐忧劉,安稳一点还是自由一点,2025-07-09 00:16:30,0
Ayiz-,关关难过关关过,2025-07-09 00:16:19,0
回头是小狗0_0,今天10点查成绩 一定要上岸啊！！[拜][拜][拜],2025-07-09 00:12:37,0
77ranR,"祝大家天天开心
",2025-07-08 23:39:56,0
李同志在这,早日康复！,2025-07-08 23:32:12,0
hellooo793,"中考上岸
",2025-07-08 23:28:49,0
一万个悲伤1,考上了吗,2025-07-08 22:48:35,0
你恰若仙境美景,关关是难关 但我会关关过,2025-07-08 22:47:27,0
vanilla牛奶,你考上了吗？[可爱],2025-07-08 22:08:37,0
Riooue,高考失利了，有一起聊天抱团取暖的宝子嘛[流泪][流泪][流泪],2025-07-08 22:05:36,0
1-3-5-7-2-4-6-8,肿么样啦,2025-07-08 21:45:17,0
寒酸的AD钙,加油 你一定能考上理想高中！,2025-07-08 21:36:33,1
番番日记,"怎么样
",2025-07-08 21:16:26,1
八月街市,高中 加油！,2025-07-08 21:09:53,0
莫名其妙的言狗子2,工作好心累,2025-07-08 20:29:50,1
Moon墨小白,7月4日是我第一次参加林俊杰的演唱会 在大型考试之前我都会听这首歌给我自己加油 我自己都超级喜欢这首歌 没想到第一次就在现场听到啦！非常开心,2025-07-08 18:36:09,1
水蜜桃桃ii_,"7了唉
",2025-07-08 18:13:43,0
秋七幸-,关关是难关，但我们关关过，未来是谁和我一起相关过呢,2025-07-08 17:24:02,0
街角de向阳花屋,加油,2025-07-08 16:14:45,1
离开落星田的脆弱小奶猫,哈哈哈,2025-07-08 15:22:42,0
trouble-4U,加油！,2025-07-08 15:06:19,1
Arno-Zhu,nb,2025-07-08 14:51:40,0
7_再睡365天,一定可以留在10班 一定可以进前40 一定会取得好成绩的🍀🍀🍀,2025-07-08 14:27:40,1
Qi_qi53,一定上岸,2025-07-08 14:02:00,1
聪哥vvds,我也是,2025-07-08 13:52:34,0
我真的好困_4,明天出中考成绩一定会上岸的！,2025-07-08 13:03:43,2
海天一色8868,考最后一科历史，上64![逢考必过][逢考必过][逢考必过][加油呀][加油呀][加油呀],2025-07-08 12:56:19,2
J_如果忧郁是种天赋,中考740+,2025-07-08 10:49:24,2
一粒v,恭喜呀,2025-07-08 10:45:05,0
凌星愿,Hello，你成功了吗,2025-07-08 10:41:36,0
闻留雪,"顺心而为，随意而动
一切加油！",2025-07-08 10:26:05,0
多看帅哥多喝水,我终于上岸了 在去体检的路上 [多多大笑],2025-07-08 09:50:41,3
我心淇水悠悠,加油 你共我,2025-07-08 09:39:01,1
kianboo,好幸福！7.4在北京鸟巢听到啦[色],2025-07-08 08:51:12,2
只和寂寞做朋友哇,我看下我几[呆],2025-07-08 08:38:49,0
Ros秋月白,考上了吗？,2025-07-08 08:27:57,0
扣牙的龙猫,我真的可以吗？万一不可以呢？我一直在想。,2025-07-08 07:12:22,0
鱼刺大王驾到,今天就考试啦[晕],2025-07-08 05:46:39,1
白马王子的后妈Wr,所有的悲伤请往边靠·,2025-07-08 02:32:40,1
吴可不可啊,分分秒秒黏一起挺窒息的,2025-07-08 02:05:31,1
醉她诚,加油,2025-07-08 00:47:10,1
-阿燕_,你说山高路远 人都是会变的 我说天南海北 只要你开口 去哪我都陪你走,2025-07-08 00:36:26,0
Ml林墨,10号学考加油[逢考必过],2025-07-08 00:01:50,1
Lithromantic_wyf,好听,2025-07-07 23:44:18,0
叁栎de小麦,加油,2025-07-07 23:05:11,0
7分钟久一点,那些你自以为走不出来的淤泥 迟早也会云淡风轻,2025-07-07 22:47:34,1
7分钟久一点,考上了吗,2025-07-07 22:46:04,0
肉饼_Mmm,我一定能上superA的 对吧,2025-07-07 22:45:05,0
LZJ-KG,明年考研上岸[拜],2025-07-07 22:42:33,0
酪饭团,我！,2025-07-07 22:22:01,0
ID又下雨-,期末考试加油,2025-07-07 21:54:58,1
Dulannnn-,好听好听,2025-07-07 21:26:42,0
百事可乐还是特仑苏,加油,2025-07-07 21:22:13,0
keenoz,加油，会有人看得到你的付出，会有人认可你的付出,2025-07-07 21:05:17,0
宅男校草,明天出分了 我一定可以考入我理想的高中,2025-07-07 20:58:02,1
萌就受着,加油,2025-07-07 20:27:35,0
我是阿雷呀哈哈哈,真的吗？,2025-07-07 20:09:26,0
vipincy,加油,2025-07-07 19:52:25,0
你一股臭小狗味,关关过,2025-07-07 19:52:13,0
Maroon_JC,sfc，想听你唱,2025-07-07 19:42:19,0
小陈吃盐,加油,2025-07-07 19:22:29,0
巴啦啦小魔仙变乌漆嘛黑,加油✊,2025-07-07 19:08:17,0
LeoRainn,"fl7.4听到咯
",2025-07-07 19:08:01,0
Coco_小雨,关关是难关 但我们关关过~  好绕耳的话听到就觉得很好 来搜原曲hh,2025-07-07 18:39:36,2
轻吻你眼角痣,关关是难关 但我们关关过,2025-07-07 18:31:58,3
小杜文案馆,谦卑的心是宛如野草小花的心，不取笑外面的世界，也不在意世界的嘲讽。 -- 林清玄,2025-07-07 17:53:31,1
7invo,中考上岸！,2025-07-07 17:28:23,0
清之qwq,期末上岸！！,2025-07-07 17:27:14,0
沈酥彤,一定可以的 加油,2025-07-07 17:10:23,0
沈酥彤,加油 一定可以的,2025-07-07 17:10:12,1
沈酥彤,加油,2025-07-07 17:09:57,0
沈酥彤,加油,2025-07-07 17:09:49,0
沈酥彤,加油,2025-07-07 17:09:38,0
zzzzzzzzz_NPlw,[哈哈],2025-07-07 16:55:20,0
是一诺a,关关难过我们关关过,2025-07-07 16:43:11,1
景鲤lililili,善言如水，暖意相随；善行似溪，绵延不息；善心若海，可纳百川。 ​,2025-07-07 16:34:04,1
同道疏途,加油,2025-07-07 16:12:58,0
穿梭在西海岸,你知道热狗在说唱圈什么身份吗？,2025-07-07 14:07:17,0
顾屿楠歌99,原来已经五年了，下半年九月份我要开始读研了[多多可怜]回头看看好像梦一场[多多可怜],2025-07-07 13:58:01,0
大傻子霖,[色],2025-07-07 13:41:08,0
闪现撞墙菠某人,前途,2025-07-07 13:28:45,0
海天一色8868,期末考完语文了，还有六科，加油![逢考必过][逢考必过][逢考必过][加油呀][加油呀][加油呀],2025-07-07 13:05:23,2
栖霞_9702,许愿NJU戏剧影视文学[逢考必过],2025-07-07 11:42:36,0
虎鲸JN,现在过得如何,2025-07-07 11:27:28,0
虎鲸JN,你已经七了 我也刚七哈哈哈,2025-07-07 11:27:14,0
鸡蛋饼杀手,选前途后悔一阵子，选她后悔一辈子,2025-07-07 10:46:41,0
爆炒胖齐,[西西发怒],2025-07-07 09:10:24,0
我不是方语婕,上了吗,2025-07-07 08:16:24,0
Nineeyee,加油,2025-07-07 07:56:10,0
wenli超乖,被人讨厌不是缺点，希望被人喜欢才是缺点。,2025-07-07 07:20:41,0
修音响的coffee师,7.4在鸟巢听到现场版的啦[亲亲],2025-07-07 06:32:14,3
莲雪寂,hi2025了你考上了吗[多多比耶],2025-07-07 04:04:09,0
续秋约,加油捏,2025-07-07 01:54:00,0
续秋约,不论结果如何，于你而言都是崭新的一个世界,2025-07-07 01:53:52,0
y愿爱无忧-,在实习 八个月没有工资 房租费生活费 真费钱[多多无语],2025-07-07 00:39:54,0
殉情的故事,槍殺玫瑰吻殺風月，嗜血的野性在灵魂深处叫嚣，嗤笑难隐晦涩讪然，瞻愉瞥去缩瞳戾颤睫，凝速提膝囷足矗立，叠覆交足扫至他侧腰挡击，敛眸傲气未敛戾劣，擒赤刃施力锤刺连颚颔，横撇独掌钳喉抵墙凿首，溅血满颊腥色淅沥满指滴染，掠刃复攥叠刺抵掰牙关扼止，单颦掀睫鎏颤眸闪邃赤劣，咧齿勾唇染疯锤碾靴,2025-07-07 00:30:04,0
爱玩沙包的小男孩huyue,[多多大笑],2025-07-07 00:21:19,0
-Tong_w,关关难过关关过，我一定要全部上岸！！！！！,2025-07-07 00:09:24,1
哈哈哈蜜瓜-开心版,明天科一稳过,2025-07-06 23:43:30,0
不吃魚_peov,明天查分一定上岸！！！🍀🍀,2025-07-06 23:29:47,0
不吃魚_peov,一定上岸🍀！,2025-07-06 23:28:46,0
A1Pepsi,虽然现在在专科，但明天开始我也要准备专升本了，我不想停留在专科，我想研究癌症的药，想救更多人的生命，所以一切一定会顺利 加油！！留到明年考试结束，一定会如愿！加油加油,2025-07-06 23:27:08,1
A1Pepsi,初中阶段学习成绩很差，后来中考2020年遇上疫情，本以为和高中无缘，结果碰巧听到JJ的“加油”和翻唱的“起风了”让我开启了极速学习模式，从倒数到班里前几，从连花钱都进不去的私立高中到公办实验班，过程中我只知道早上四点听一首加油一首起风了清醒，晚上十二点再听一遍，重复了五个月。,2025-07-06 23:23:46,1
嗄痛,中考超常发挥 中考上岸,2025-07-06 23:12:58,1
-Duull,一定会上岸！！！！！！！！！！！！,2025-07-06 23:12:06,2
莫扎特没有想,林俊杰，范玮琪，有生之年能不能听到狗哥和杰伦合作一首[鬼脸],2025-07-06 22:56:57,0
Onep612,还有一个小时六分钟查成绩，保佑我[拜][拜][拜],2025-07-06 22:54:35,1
LeMou-,所以的悲伤请往边靠[憨笑],2025-07-06 22:51:32,0
鸩羽惊鸿,加油加油！！！,2025-07-06 22:38:59,0
我亲爱的孤独_,不懂,2025-07-06 22:25:18,0
夏蓝澈,可以帮我用lxz取一个夏日ID吗,2025-07-06 21:07:07,0
敬山水jjj,中考一切顺利 上岸啊啊啊！,2025-07-06 20:40:54,0
月明在哪呢,啥,2025-07-06 20:28:46,0
烧宁,我一定会瘦到 75 的 加油(•̀ᴗ•́)و̑̑,2025-07-06 19:55:39,1
_渝渝渝子,专升本顺利,2025-07-06 19:52:44,0
水神泪,"1
",2025-07-06 19:37:34,0
小白white__,哥们成功了吧[可爱],2025-07-06 19:36:42,0
Mi丿孤雯,"大佬
",2025-07-06 19:06:05,0
樱Yuki_,考上了吗,2025-07-06 18:27:36,0
纠缠一辈子行不行啊,你是李商隐的第29道绝笔 谜底不过我爱你,2025-07-06 18:01:06,0
圣马力诺深海蓝前卫摇滚,"关关是难关 但我们关关过，
雨后天晴的阳光在天空闪闪烁。",2025-07-06 17:52:26,0
圣马力诺深海蓝前卫摇滚,我也想体验美食的快乐，但我就是不喜欢吃东西。,2025-07-06 17:49:27,0
把世界都种满香菜,尊嘟假嘟,2025-07-06 17:40:27,0
Volcano毛里求斯,加油兄弟们26一研为定,2025-07-06 17:22:38,2
梁衬,好好好都VIP柒了是吧,2025-07-06 17:18:06,0
自来卷公主,26年一定能一次上岸！,2025-07-06 16:54:45,0
我爱我润,接,2025-07-06 15:17:16,0
我爱我润,中考大捷,2025-07-06 15:17:07,0
我爱我润,那现在你得偿所愿了吗,2025-07-06 15:16:37,0
欣欣妹ye,记不清了 只知道20年爱听,2025-07-06 15:11:21,2
dianjixiaozi0823,[多多耍酷],2025-07-06 14:55:01,0
海天一色8868,加油加油加油加油加油加油加油加油加油加油加油加油加油加油加油加油加油加油加油加油加油加油加油加油加油加油加油加油加油加油加油加油加油加油加油加油加油加油加油加油加油加油加油加油加油加油加油加油加油加油加油加油加油加油加油加油加油加油加油加油加油加油加油加油加油加油加油加油加油加油,2025-07-06 14:14:58,0
Yoauio,泥泞的路才能踩出清晰的脚印,2025-07-06 13:19:16,2
小轶bb,加油,2025-07-06 13:09:06,0
萌由我主宰,之前校运会放的歌[强],2025-07-06 12:29:28,0
海天一色8868,所有的悲伤请往边靠,2025-07-06 11:54:58,0
海天一色8868,莫名其妙,2025-07-06 11:52:36,0
1-子非鱼,感谢你不失从头再来的勇气 加油 期待你明年的好消息[多多可怜],2025-07-06 11:51:52,0
1-子非鱼,加油,2025-07-06 11:50:55,0
芹菜-QCi,楼主考上心仪的大学了嘛,2025-07-06 10:15:51,0
Merlhcury,来咯 嘻嘻 柒咯！,2025-07-06 09:35:22,0
罗马斗兽场首席舞曲,关关难过关关过，没有什么能难倒我宏宏[鬼脸](除了数物化生),2025-07-06 09:31:20,0
wooigir,[多多调皮],2025-07-06 09:15:48,0
-快乐小狗HZL,我们一定都会越来越好的,2025-07-06 09:10:37,2
TTzzzg,不知道,2025-07-06 09:06:44,0
踢偏,签到签到签到签到签到签到签到签到签到签到签到签到签到签到签到签到,2025-07-06 08:35:01,0
Fiishhh_,2026 我要考上双一流一本！,2025-07-06 05:29:09,0
下了绵绵雪,".
",2025-07-06 05:13:44,0
看到我_請叫我去學習,想做勇敢无畏的人,2025-07-06 02:49:41,0
无可叙,法考加油！,2025-07-06 01:48:39,0
没别意思,2026我要考公上岸啊啊啊啊啊[发怒],2025-07-06 01:48:18,2
你真无趣-_-,VIP的嘛有的,2025-07-06 01:26:11,0
ahhhh-,现在都不显示等级了吗,2025-07-06 00:53:29,0
丸子大王6666,我今天一定会上岸的,2025-07-06 00:53:22,1
鱼时樾,一旦开始了，就已经成了未完成的执念。,2025-07-06 00:36:26,0
doki_uwu,距离2026年高考还有336天 我一定能考上理想的大学！高考加油！,2025-07-06 00:35:38,1
qwaszxd111,发现你爱的人到处跑～,2025-07-05 23:52:21,2
LarryLv,热狗不唱这首歌能更火,2025-07-05 23:38:19,0
然_晚睡,等会12点就查分了 希望我能考好一点,2025-07-05 23:33:27,0
忧郁的湖北人777,祝自己被理想的学校录取🍀,2025-07-05 23:24:34,3
可颂爱吃鱼,[大笑],2025-07-05 22:24:47,0
_熠之殤,真的很意外4号能有这首歌！！！,2025-07-05 22:07:36,3
_熠之殤,真的很意外！！！！特别惊喜,2025-07-05 22:06:27,0
迷人的苏打水,2025/7/5报道[多多耍酷][多多耍酷][多多耍酷],2025-07-05 21:46:13,0
lZzz1125,但是加油,2025-07-05 21:14:30,0
lZzz1125,这么晚啊,2025-07-05 21:13:45,0
lZzz1125,考上了吗？,2025-07-05 21:12:31,0
皮卡多又多,"哈哈哈
",2025-07-05 21:05:15,0
鄭zzzzjt,"中考完了考上了理想高中~
",2025-07-05 20:44:44,0
养只婗,关关是难关 但我们关关过,2025-07-05 20:06:20,2
饭桶花园牛大爷,哈咯 素未谋面的网友 今天晚上听这首刚好看到你的评论 不知道你考上了没有呀？,2025-07-05 19:46:05,0
noend191,好听,2025-07-05 19:29:56,0
雾漫眠眠,八年的梦想，高考失利，强基失败，一个月了还没走出阴影。如何呢？研究生还会再战厦大！,2025-07-05 19:21:01,0
泡芙大强,加油！,2025-07-05 18:49:21,0
蜉蝣ink,关关难过”那里我以为是海洋bo的歌拼接的,2025-07-05 18:45:20,0
Ericlowcc,加油,2025-07-05 17:27:23,0
猫咖吹东海岸蓝调,加油！ 我一定会坚持下去 我一定会成功 ,2025-07-05 17:26:42,1
在我的世界我开心最重要,2026复读如愿以偿,2025-07-05 17:03:36,1
霏霏MK11,20250704鸟巢在现场,2025-07-05 17:02:34,2
iiuo3u,幸福就在下一个转角,2025-07-05 17:01:35,0
雯雯-si,我一定会考上一中的[星星][星星][星星],2025-07-05 16:39:07,0
锁骨泪痣,呜呜呜,2025-07-05 16:33:49,0
土豆做乜野,关关难过关关过,2025-07-05 16:32:14,1
Go-to-see周公,恭喜,2025-07-05 16:28:54,0
予珉,关关是难关 但我们关关过,2025-07-05 16:24:37,1
Auroraaa-_-,2026年我一定会考上福清一中的！！！！！！,2025-07-05 16:13:37,0
我是图图小淘气Ying,2025年7.4在鸟巢点歌环节听到了加油！超级开心 虽然这天很热很热 汗和泪都是混着留下来的[哀伤]但是位置好近！超绝横开位！,2025-07-05 16:13:15,2
佳人只是如梦,考上了没[开心],2025-07-05 16:06:58,0
听歌的阿走,okヾ(✿ﾟ▽ﾟ)ノ,2025-07-05 15:45:34,0
脸红什么呐_w,祝我抢票 成功,2025-07-05 15:34:42,1
gikst,怎么样啦！！！,2025-07-05 15:20:01,0
狗宝汤元,我也不喜欢那段rapㅠㅠ,2025-07-05 15:02:00,0
iiMagnolia,关关过！,2025-07-05 14:22:11,0
雾_川,到点了,2025-07-05 14:12:54,0
雾_川,加油！,2025-07-05 14:12:24,0
呆兔杏,喜欢你的眼睛，爱流泪也没关系,2025-07-05 12:28:21,0
写字台上的玫瑰,3年过去了，您还觉得值得吗？,2025-07-05 12:28:03,1
DCL-Y,我们已经战过去了！！[憨笑][憨笑],2025-07-05 12:13:34,0
旋97,地生会考已过关！,2025-07-05 11:50:03,0
汐汐溪镇,加油！,2025-07-05 11:43:49,0
汐汐溪镇,你们都变成柒啦,2025-07-05 11:43:24,0
_初欢选手,关关是难关但我们关关过！,2025-07-05 11:33:19,0
Dsioue,看到就提醒一下 我怕我太久不听这首歌,2025-07-05 09:50:14,2
脑袋困掉了-C见过薛之谦版,早上好,2025-07-05 09:29:46,1
_FFF__N,加不动油了怎么办，这道坎真的跨不过去了,2025-07-05 08:58:04,1
醉她诚,加油,2025-07-05 08:29:30,0
Doreen呓,关关难过关关过,2025-07-05 08:00:37,0
夜聆江南春,26年中考加油呐,2025-07-05 07:55:02,0
夜聆江南春,不要伤心宝子 关关是难关 但我们关关过,2025-07-05 07:54:27,0
夜聆江南春,加油呀,2025-07-05 07:50:23,0
Nanami-i,每次非常非常难过遇到人生最低谷的时候 这首歌都给我力量的感觉 让我觉得一切都没什么 还可以过去的,2025-07-05 07:16:10,1
红豆炖冰,ll,2025-07-05 07:06:04,0
闷骚小野驴_,现在的你都7了，还好吗,2025-07-05 07:05:02,0
z会好好的,考的怎么样？,2025-07-05 04:16:39,0
boloice,我真的听到了,2025-07-05 02:27:43,0
总被爱筛选,4号唱这个啦,2025-07-05 01:52:10,3
关优秀-,九点的考试考的全会蒙的全对！这次我要成为第一☝🏻！[可爱],2025-07-05 01:38:26,1
LarryLv,"热歌直接降低了这首歌好听度
",2025-07-05 01:25:10,0
是安安小朋友,教资上岸吧！！！,2025-07-05 01:12:24,0
小u运,地生中考19号查分一定一定要有超级爆炸无敌好的成绩！[流泪],2025-07-05 01:09:03,0
小雨吟敘,1点就中考查分了希望能上十二中被第一志愿录取[拜][拜][拜],2025-07-05 00:49:13,0
Small-fireworks,关关是难关 但我们关关过,2025-07-05 00:13:09,0
深秋的雨Y,中考上岸！！！！！！！！！！！！！！！！！！！！！！！！！,2025-07-05 00:06:45,1
热光,《由你选择》是不是？你听听看,2025-07-04 23:54:17,0
给我一片睡睡丸,毕业后走的每一步都好难走,2025-07-04 23:48:55,0
-_好好睡觉-_-,感谢7.4日 点歌！！！,2025-07-04 23:30:50,1
情歌小莹,我的朋友我将会是你永远的后盾 我会让你知道这个世界上不能没有朋友,2025-07-04 23:20:41,0
相聚西街晚,关关是难关 但我们关关过,2025-07-04 23:12:41,0
情歌小莹,"我将会是你永远的后盾
我会让你知道这个世界上不能没有朋友",2025-07-04 23:11:42,1
情歌小莹,我将会是你永远的后盾 我会让你知道这个世界上不能没有朋友,2025-07-04 23:09:51,1
Jul10_sy,"啊 这么松
",2025-07-04 23:08:24,0
vz三i,豪庭,2025-07-04 23:01:00,0
贰旧旧,有好消息吗,2025-07-04 22:58:27,0
泡泡与秋,谢谢老林今天在鸟巢唱了这首歌[流泪],2025-07-04 22:16:53,3
leebullet,顺利毕业 顺利发文章 ,2025-07-04 21:42:32,0
Mairichforever,广东要是没有你就完美了,2025-07-04 21:29:15,2
犯困大王_1,距离查中考成绩还有11天，一定要上岸啊,2025-07-04 21:13:35,2
还可能继续_,加油,2025-07-04 21:02:01,0
还可能继续_,不是考完了吗,2025-07-04 21:01:47,0
小桥深巷雨,莫名其妙 谁会知道,2025-07-04 20:57:43,0
海天一色8868,期末加油,2025-07-04 20:37:07,0
hut_D,哈哈,2025-07-04 19:37:25,0
腊九冬八,我也没有见过陆,2025-07-04 19:37:11,0
电视台高贵VOICELOID,这次一定去一中,2025-07-04 19:18:02,0
电视台高贵VOICELOID,中考加油,2025-07-04 19:17:49,1
麻辣烫吃不吃辣吃不吃,怎么样？,2025-07-04 19:14:07,0
小沅_ki0a,考上了嘛,2025-07-04 19:11:00,0
W1my,我嘞个痘！真心喜欢国美的建筑,2025-07-04 18:46:46,0
江芜A_,哈喽,2025-07-04 18:43:20,0
你是条不归路,不信,2025-07-04 18:35:36,0
桔梗固榆,恭喜啊,2025-07-04 17:59:52,0
蛤蛤_hhh,加油加油！！！！,2025-07-04 17:36:36,0
蛤蛤_hhh,在不想听听力的时候看到你这条评论！！,2025-07-04 17:35:39,0
蛤蛤_hhh,加油,2025-07-04 17:34:22,0
大Qbaby,是吗,2025-07-04 17:33:59,0
祖瑞江_,共勉,2025-07-04 17:12:19,0
今天没听够,每次不开心都听这首歌,2025-07-04 17:01:30,0
Miao软肋,加油,2025-07-04 16:11:11,0
是Uua呀,秒回了,2025-07-04 15:53:06,1
是Uua呀,OK呀,2025-07-04 15:52:55,1
PeacocK--2,@是Uua呀 歌很好听 所以 2025年在市蒙相遇吧[喜欢][喜欢],2025-07-04 15:52:25,2
TwelveN7,[大哭],2025-07-04 15:49:51,0
-Picriy-_,中考上岸[逢考必过][越来越好][开门红][加油呀][好运来][好日子][逢考必过][逢考必过][逢考必过][100分][100分][100分],2025-07-04 15:41:13,1
风替我拥抱你0,我恨这人情世故的社会,2025-07-04 15:28:13,1
清呈的无尽夏lo,复读上600！,2025-07-04 14:34:18,0
窝在被窝里睡觉觉,加油！,2025-07-04 14:12:29,0
懒翁,啊,2025-07-04 14:01:24,0
博L啊,这个岸我上定了,2025-07-04 13:51:23,2
压-星-河,考上没,2025-07-04 13:45:51,0
珊瑚点点白,前途,2025-07-04 13:21:04,0
清呈的无尽夏lo,复读一年，我一定行！,2025-07-04 13:02:52,4
争取不当恋爱脑,考的怎么样啊[可爱],2025-07-04 12:49:41,0
百晓生bxb,有没有类似这首歌的伴奏的歌！,2025-07-04 12:38:26,0
百晓生bxb,我趣，十年前！,2025-07-04 12:35:15,0
喜欢珍珠奶茶_,关关难过关关过 加油！！,2025-07-04 11:50:14,0
Braveryhearttt,差不多吧反正第一志愿,2025-07-04 11:12:10,0
单奏小猫,关关是难关 但我们关关过,2025-07-04 11:06:24,0
ilin小麟,中考上岸[好运来][好运来][好运来],2025-07-04 10:43:13,0
lcaill,不要为一个出轨的人失眠,2025-07-04 10:24:33,1
Mnigll,上岸了吗,2025-07-04 10:00:59,0
对着你的脸放了个响屁,"关关是难关，但我们关关过
",2025-07-04 09:12:31,1
温柔没有失约,前途,2025-07-04 08:47:56,0
天天天天-如愿,中考成功上岸 金榜题名,2025-07-04 08:32:33,1
小昕一米八八,加油,2025-07-04 05:51:44,0
奕人独奏,沾沾恭喜恭喜,2025-07-04 00:44:13,0
小豆豆008,"什么
",2025-07-04 00:32:14,0
锁骨泪痣,昨天下午被辞退了🤥,2025-07-04 00:06:00,0
阿皓咯,加油！ 我 你,2025-07-03 23:33:37,1
醉她诚,加油,2025-07-03 23:32:43,0
小淮睡不醒_,加油哦 怎么样考上了嘛 如果考上那我就恭喜你祝贺你考上自己理想的大学 如果没有考上 也希望你不要气馁至少努力过 拼过 祝你在将来的大学生活闪闪发光[憨笑],2025-07-03 23:32:38,0
元八lu,好棒啊！,2025-07-03 23:18:13,1
粑粑郝,如果可以 我希望我们可以在一起很久很久 如果不行的话 那我希望你幸福 当然 祝我一定一定一定一定要被理想大学录取[女孩][女孩][女孩],2025-07-03 23:08:35,0
茉莉Molly_0,是的 听完莫名其妙平静下来 能坐下来做事了,2025-07-03 22:46:01,1
白大胆吃饱了,我会熬过去的！期末考试全部高分通过了，我可以好好生活的！！！会开心的关关过！[吐舌],2025-07-03 22:44:37,1
下一个春_zYnB,来还愿啦！真的600+了[好听哭了],2025-07-03 22:14:14,0
黑玛季,你俩还合作了[强],2025-07-03 21:50:56,0
kimpel,嗯嗯 成绩出来时真的绷不住 中考他们好多抄的 真的不甘心,2025-07-03 21:49:28,0
-8ichie,没事了，还有高考呢,2025-07-03 21:48:21,0
kimpel,中考失利了😭真的从来没有想过 已经复查了 结果还没出来,2025-07-03 21:45:35,2
灰蝶的帆,姚中仁你的Rap又火了,2025-07-03 21:26:22,0
XtnargarF,听了这么久才知道最后一段不是C调,2025-07-03 21:13:59,0
Vivi吃薯条,和sch一起加油！,2025-07-03 21:07:50,0
z四叶草s,明天中考处分，祝所有人考上理想的高中[星星],2025-07-03 20:55:56,0
_Pgy,"收起你那该死的情绪 给我往上爬 我们高处见

逆境中无论多么艰难 你都没有理由关上窗户 放弃希望

宁愿被绊倒无数次 也不要规规矩矩地走一辈子",2025-07-03 20:35:30,0
背叛k,加油呗,2025-07-03 20:26:57,0
zero鹿苓,幸福就在下一个转角,2025-07-03 20:26:01,1
我勒个兜aaa,2028年考上南大！一言为定,2025-07-03 19:54:14,3
给你巧课角,张双男，关关难过关关过,2025-07-03 19:19:23,0
遇见爱了_,上岸！,2025-07-03 19:13:20,0
涵han-05,加油加油，不放弃！,2025-07-03 18:54:19,0
sagurua,"品味不一样吧，我也不喜欢rap那段[汗]
不过喜欢rap的应该是从抖音听过来的",2025-07-03 18:46:17,0
孙有刚_,明天中考出分一定上岸,2025-07-03 18:23:16,1
忧郁的不呐呐,许个愿吧,2025-07-03 18:20:52,0
忧郁的不呐呐,接下来的半年我们越来越好@所有人,2025-07-03 18:17:04,0
yeahhhhhho,关关是难关 但我们关关过,2025-07-03 17:49:34,0
sxrr-,@西西柿_ltty 关关难过关关过,2025-07-03 17:40:16,0
sxrr-,Sxr2026一定上岸！,2025-07-03 17:33:35,0
重生之我骗小孩去网吧,经过几天的阴天终于出太阳了，就像你走出雾霾有了自己的方向一样,2025-07-03 17:11:48,1
不可爱还很坏捏,普洱天气好不好 你好不好˵＞𖥦＜˵,2025-07-03 17:10:04,0
-ZZZZZZZZlh,能量低的时候，听一下这首歌 仿佛能充电,2025-07-03 16:08:50,2
重生之我骗小孩去网吧,"亲爱的今天你开心吗
",2025-07-03 15:57:11,0
达芬奇的晚安,"会的
",2025-07-03 15:54:20,0
如同悲伤被下载了2次,看看我的[大笑],2025-07-03 15:34:12,0
_em1_7,"。
",2025-07-03 15:27:57,0
若不再痛苦,希望爸爸手术成功,2025-07-03 14:40:57,3
恋爱脑完蛋,关关难过关关过,2025-07-03 14:38:48,0
这是小船,每次没劲的时候就听一听，五天后的西交夏令营加油[流泪],2025-07-03 13:58:54,1
有点严谨但不多,"冒昧了我才5⃣️
",2025-07-03 13:50:27,0
音为_你,10级呀~,2025-07-03 12:00:35,0
Tu一_9KvJ,关关难过关关过,2025-07-03 11:35:08,0
快使用动耳神功,关关难过关关过,2025-07-03 11:31:05,0
责服,祝自己成绩好点,2025-07-03 11:02:02,0
GGond_,好听,2025-07-03 10:52:24,0
那个像斯外戈的吹泡泡选手,"没见过
",2025-07-03 10:43:15,0
YUanLin_9,"1
",2025-07-03 10:42:38,0
你的喜欢我收到了,沾沾喜气,2025-07-03 10:25:43,0
Mnigll,关关是难关 但我们关关过,2025-07-03 10:19:19,1
Qeverluvself7,考上三高考上三高考上三高考上三高考上三高考上三高考上三高考上三高考上三高考上三高考上三高考上三高考上三高考上三高考上三高考上三高考上三高考上三高考上三高考上三高考上三高考上三高考上三高考上三高考上三高考上三高考上三高考上三高考上三高考上三高考上三高考上三高考上三高考上三高,2025-07-03 09:30:52,0
Qeverluvself7,考上三高!,2025-07-03 09:28:06,0
sehuniiiiiii,"三个小时六起算幸运了

",2025-07-03 09:27:11,0
yiiiiii艺,关关是难关 但我们关关过,2025-07-03 09:05:26,1
yiiico_Y,林俊杰,2025-07-03 08:52:18,0
ppdD洪荒之力,考到了没,2025-07-03 08:00:18,0
雨水聆参,期末考加油！政治上95！英语及格！,2025-07-03 07:19:52,0
Romantic_铭,我也是[流泪][流泪][流泪],2025-07-03 06:31:47,0
谢先生的云村,"1
",2025-07-03 04:06:40,0
拔刀却留不住落樱,叽里咕噜的,2025-07-03 02:30:15,0
青柑普誀,上了吗兄弟,2025-07-03 01:22:34,0
忧郁算天赋吗-,本来只想借个打火机 低下头看到你弯弯的睫毛 不如借个以后吧,2025-07-03 01:10:49,1
aa機靈小貓,期末考试加油加油,2025-07-03 00:41:16,0
aa機靈小貓,中考结束了[呲牙]‼️明天轮到我们期末快喽👏🏻👏🏻 都加油加油加油加油加油加油🥳🤲🏻关关难过关关过👏🏻👏🏻分来分来分来分来分来！！～嘻嘻嘻嘻嘻[呲牙]👍🏻👍🏻[星星][星星],2025-07-03 00:40:56,1
辣妹芽,加油 快忘了,2025-07-03 00:32:44,0
小羊肖恩-_n,"哈哈哈哈
",2025-07-03 00:10:00,0
7_再睡365天,关关难过但我关关过 相信自己一定可以！明天考试继续加油 一定要取得好成绩啊 我一定要留在十班！！！,2025-07-03 00:03:20,0
啦啦啦_3quX,我要让妈妈成为别人口中的羡慕，培养出一个研究生，一个公务员。2025年国省考我一定上岸！！！,2025-07-02 23:57:02,0
拿什么抗衡本少,我们明天查,2025-07-02 23:43:25,0
07-東京小魚,一定会的,2025-07-02 23:37:18,0
07-東京小魚,考试加油!,2025-07-02 23:37:07,0
吃不饱的阿福,我也是云南的哎我们后天查[流泪],2025-07-02 22:54:11,0
吃不饱的阿福,还有一天查中考成绩，希望可以比平时高很多分🥹,2025-07-02 22:53:05,3
南部二十四,安？,2025-07-02 22:51:15,0
拿什么抗衡本少,求求明天查分是非常非常高的[多多比耶],2025-07-02 22:34:21,2
作践我的天真,难关破,2025-07-02 22:27:29,0
作践我的天真,关关是难关 但我们关关过,2025-07-02 22:27:04,1
sikun0917,明天查分顺利,2025-07-02 22:14:59,1
真的百岁山,→     两指往中间拉      ←,2025-07-02 22:13:45,0
王哪吒-sy,球球了我想去北京看演唱会！,2025-07-02 21:29:24,0
新酱的白,现在呢,2025-07-02 21:26:29,0
帐号已注销,"没见过
",2025-07-02 21:26:09,0
壹__念,志愿填完了，希望你可以如愿[爱心],2025-07-02 21:22:57,0
不吃晚饭321,"奥力给！
",2025-07-02 20:22:27,0
不吃晚饭321,"2027 一定上岸同济！ 明年来还愿！
",2025-07-02 20:21:44,2
等我下课一起,天天开心,2025-07-02 20:20:04,0
咪咪世界大王,难关 都破,2025-07-02 20:18:30,0
小周高考上岸,蹲到了，有没有考上[吐舌],2025-07-02 20:09:02,0
谢一意,加油💪期末,2025-07-02 20:07:31,0
狂妄的小薇,考上了嘛[多多调皮][多多调皮],2025-07-02 19:46:31,0
生亦孤傲,是的,2025-07-02 19:09:36,0
栀子花的思念_K,没考上😭,2025-07-02 18:52:36,0
破晓时的卡布奇诺,明天查成绩 分来 高分来,2025-07-02 18:33:57,1
sssssutttt_,26考研一战上岸！,2025-07-02 18:12:13,0
8月25日的东东,9月一定会考过！,2025-07-02 18:07:16,0
hua-l-h,加油加油,2025-07-02 17:56:36,0
hua-l-h,加油,2025-07-02 17:55:45,0
醉她诚,加油,2025-07-02 17:52:05,0
适配_A,幸福就在下一个转角,2025-07-02 17:49:28,0
394828_EvYi,怎么样了现在,2025-07-02 17:32:54,0
Zero_1123z,祝我生地会考双A [拜][拜][拜],2025-07-02 17:08:34,0
琳嘻唰,[多多大笑],2025-07-02 17:06:08,0
小7最最最爱喝蜜蜜茶,明天就要考试了加油👊👊,2025-07-02 16:11:29,0
困在不眠黑夜o,"应该没有吧
",2025-07-02 15:41:02,0
hzjsex-123,关关是难关 但我们关关过,2025-07-02 15:25:15,5
yuzu_ys,我一定会关关过！,2025-07-02 15:05:27,1
毛茸茸的V,好多好多年前的歌突然推给我，好想回到09年,2025-07-02 14:49:37,0
小胡同里的秘密,今天晚上查分  发挥超常啊！！！三中！！！,2025-07-02 14:12:55,0
蓝湖石青创作家,2026年我一定会是研究生的！[拜][拜],2025-07-02 13:43:33,0
呆呆头鹅__,从来没想到降薪这件事情会落我的头上，整理完情绪准备重新找工作，但是面试了好多次，都没成功，努力准备面试吧，加油！要相信自己！冲冲冲！,2025-07-02 12:00:05,0
塔尔寺草绿柚子汁,很喜欢很喜欢,2025-07-02 11:51:31,0
糕绵绵_YwMJ,考上了吗姐妹,2025-07-02 11:40:13,0
Tuttiing,查分过过过[拜][拜][拜],2025-07-02 11:29:11,0
07_INK,关关难过 官官过！##官俊臣#,2025-07-02 10:55:58,0
07_INK,关关难过 官官过！##官俊臣# ,2025-07-02 10:55:28,0
浪费_4Oub,哇，好棒,2025-07-02 10:37:16,0
椰子Heart,期待你的好消息哦,2025-07-02 10:07:16,0
-钟夏_,幸福就在下一个转角,2025-07-02 09:43:59,0
Braveryhearttt,考了622全省位次3467应该能上吧，反正厦大是第一志愿等通知书吧[可爱],2025-07-02 09:38:57,2
超级好嗷,会上岸的，即使困难……,2025-07-02 08:40:53,0
遛遛哇,加油！,2025-07-02 07:54:08,0
爱吃唐葫芦,不信,2025-07-02 07:49:05,1
Aka黑水,是的,2025-07-02 07:32:24,0
YALO_IUK,有没有一起听歌的 关注我,2025-07-02 04:13:38,1
不停息的阴雨,今天下午四点就查中考成绩了，祝我也祝大家前程似锦！,2025-07-02 03:33:43,2
祈遇见你,考上了吗？我梦想的大学，可能这一辈子也无法见她一面了[心碎],2025-07-02 01:30:36,1
yam_吖木,这首歌听着让人想哭,2025-07-02 01:30:11,1
JJJJJai_,[大笑],2025-07-02 00:58:31,0
伸手在风里17,让我上岸吧💪💪💪,2025-07-02 00:41:52,0
慕寒暄,[多多比耶],2025-07-02 00:25:57,0
乔野QxQ,今天出分。加油 我要上一中。,2025-07-02 00:18:17,0
遇见獭如春水映梨花,现在陆[旺柴],2025-07-02 00:14:49,0
他们说我的天气阴晴不变,中考必胜！二中见！,2025-07-02 00:14:41,0
大榕榕_Lin,7月的第一天，特别伤心的度过了，打开加油看到大家很努力的生活，我也会很努力，谢谢喜欢林俊杰音乐的大家,2025-07-01 23:48:06,1
大榕榕_Lin,我在厦门等你,2025-07-01 23:46:32,0
少思绪,马上中考出分了[抱抱],2025-07-01 23:45:21,0
ChenK_0802,期末加油！！！！！！,2025-07-01 23:27:36,0
添望让我早点睡,明天我一定可以考好的对吧。,2025-07-01 23:25:38,1
顾blackx,"中考顺利
",2025-07-01 23:24:05,1
弦乐器出来野百合,实验等我！,2025-07-01 23:02:10,0
春风过堂,[多多可怜],2025-07-01 22:54:02,0
温妤songqi,加油,2025-07-01 22:50:00,0
温妤songqi,祝早日康复,2025-07-01 22:49:51,0
温妤songqi,加油,2025-07-01 22:48:57,1
温妤songqi,现在是2025年 马上成绩就出来了 保佑我能上一中。,2025-07-01 22:47:12,0
温妤songqi,现在已经是2025年啦你应该过上自己想要的生活了吧？,2025-07-01 22:45:55,0
温妤songqi,我是未来人 疫情已经控制啦,2025-07-01 22:43:51,0
放假小二,考试加油 前程似锦 幸福就在下一个转角 加油,2025-07-01 22:40:48,0
张振华要振华,看到自己喜欢了很久的曲突然火了 比JJ还高兴[奸笑],2025-07-01 22:37:51,0
诶梦梦,嗯，12点出来我要死了,2025-07-01 22:28:39,0
Xing走在人群中孤独的猫,还好吧[鬼脸],2025-07-01 22:14:06,0
_1要早睡,关关难过关关过,2025-07-01 22:10:18,0
栀秋的煜,2025年中考590以上[拜][拜][拜],2025-07-01 21:41:21,0
JJLin-JJ20,期末考试考出理想成绩，让我们加油[大笑],2025-07-01 21:27:09,0
月岛下夏天,关关是难关 但我们关关过 不要放弃,2025-07-01 21:18:29,0
木南告白,咋样啊兄弟,2025-07-01 21:16:40,0
冬缘12,我要考一个好的大学 然后和你在一起^,2025-07-01 21:12:24,1
夜巴黎_k8KT,和元旦一起加油吧！,2025-07-01 21:12:03,0
夜巴黎_k8KT,中考必胜,2025-07-01 21:10:53,0
云瑞_GWoG,中考成绩优异 考上自己理想的学校,2025-07-01 20:58:14,1
苹果加y,加油！！！期末不挂科！！！求求,2025-07-01 20:56:59,2
我小时候贼猛L,现在怎么样了,2025-07-01 20:35:01,0
Vina_lulu,关关难过关关过,2025-07-01 20:27:33,0
冰到屿,最近你好吗,2025-07-01 20:20:35,0
詹詹好运-,加油,2025-07-01 19:59:16,0
个浅侑或fnctp,相亲一个女孩子，她朋友圈有这首歌，我第一时间就用来做铃声了，可是她却从来没打过电话给我，可能这就是缘分吧，苏,2025-07-01 19:55:55,0
世界比我坏i,明天查分数一定会上岸的！！！[多多大哭],2025-07-01 19:35:12,2
姜淮渝-,祝福[强],2025-07-01 19:01:53,0
1m85初中生_RqFx,中考一定要上岸啊,2025-07-01 19:00:09,2
咕嘟烏,昨晚刚升职，今天被炒。得到了梦寐以求的工作，然而保住它很难，职场无时无刻不在提醒你，想学到东西就需要自己去主动，但没有人有义务帮助你，脑海里有两个自己在被拉扯，一个胆怯一个故作坚强。我真的很害怕自己做不好，有很多东西不会，只能边哭边学。晚上神经衰弱醒好几次，但我不能认输。,2025-07-01 18:45:29,0
船上创新邦板牙鸡,"好快啊，马上十年了
",2025-07-01 18:34:52,0
-壹y1,考上了吗,2025-07-01 18:27:36,0
捉刀客_ECdx,加油哦，肯定会成功的！！！,2025-07-01 17:21:33,0
捉刀客_ECdx,肯定会的，加油啊！！！,2025-07-01 17:20:01,0
捉刀客_ECdx,中考加油！祝你金榜题名！！！,2025-07-01 17:18:38,0
不爱唱歌111,小小的夸奖 大大的开心 ,2025-07-01 17:18:11,0
_星期八见7,恭喜🎉,2025-07-01 17:10:25,0
7i2q9,考上了嘛！,2025-07-01 16:57:38,0
小张不孬__Z,想上理想大学🥹,2025-07-01 16:18:31,0
小张不孬__Z,希望高考顺利上岸🥹[流泪][流泪],2025-07-01 16:18:11,0
醉她诚,加油加油,2025-07-01 15:49:05,0
衬衫上有双瓣茉莉香,二中等我！！！,2025-07-01 15:40:04,0
衬衫上有双瓣茉莉香,510+！！！一定要啊！！！,2025-07-01 15:39:27,0
衬衫上有双瓣茉莉香,我一定能上二中！！！,2025-07-01 15:39:02,0
下一个春_zYnB,考试成绩600+,2025-07-01 14:58:16,0
hi一卷小羊,如愿以偿吗？,2025-07-01 14:33:51,0
鹿怀序,“最近你好吗  少了一点微笑”,2025-07-01 14:26:46,0
PLingyang,羚羊公主,2025-07-01 14:22:37,0
无趣怡生,加油 我一定能考上二中,2025-07-01 14:14:35,0
落衾白,中考上岸！,2025-07-01 14:04:23,0
hansKKK777,考试了吗,2025-07-01 13:47:02,0
胖胖鼠打天下,我是几？[多多调皮],2025-07-01 13:43:36,0
o桃妹,[多多比耶],2025-07-01 13:16:33,0
伈韵,加油,2025-07-01 13:09:42,0
终闪耀08042,忘了哪个鬼吹灯里看到的了,2025-07-01 13:09:18,0
终闪耀08042,关关难过关关过 事事难成事事成,2025-07-01 13:08:56,0
梦想的帅,看我敢说话吗,2025-07-01 12:47:30,0
菌肥_jj,好听,2025-07-01 12:05:08,0
透过枝哑的窗,2027考上警校 当警察,2025-07-01 12:00:47,1
L-sakura-H,[哀伤],2025-07-01 11:53:20,0
靠山小涵,考试失意 游戏被骂 现实孤单 我原谅你们了 我相信“幸福就在下一个转角”,2025-07-01 11:43:25,1
-万富解忧,关关难过关关过 前路漫漫亦灿灿,2025-07-01 11:25:23,2
鲸鱼海豚_9aew,加油,2025-07-01 11:05:29,0
2-小彤,下午6点就查成绩了 好紧张,2025-07-01 10:51:18,1
_我們_ai,考上了吗[大笑],2025-07-01 10:15:10,0
Losept,中考大捷！必过！,2025-07-01 10:13:05,1
萌呆呆系我,关关是难关 但我们关关,2025-07-01 09:56:26,1
浩想霖6677,做完作业考完试一定要好好休息哦！,2025-07-01 09:29:50,0
宝儿_Zzd,"啥
",2025-07-01 08:46:12,1
醉她诚,加油,2025-07-01 08:30:57,1
_-swaag-_,看看,2025-07-01 07:43:07,0
碧海宁静吃货,考上了嘛,2025-07-01 03:09:45,0
真话难说出口,喜欢,2025-07-01 02:29:17,0
小雨大王在此OvO,我要上汉阳三中！！,2025-07-01 01:53:05,0
小雨大王在此OvO,510+！！！,2025-07-01 01:52:55,0
小雨大王在此OvO,中考500+！！！,2025-07-01 01:52:47,0
不看月-,“关关难过 但我们关关过”加油,2025-07-01 01:25:58,0
小幸运来临,中考上岸,2025-07-01 00:14:37,0
Feliciszz,每一次听都仿佛回到了2019年的冬天，为了考研每天在图书馆学到闭馆😭是回想起来艰难但是幸福的日子,2025-07-01 00:09:19,0
翰苏,不要为爱烦恼,2025-07-01 00:06:44,0
喜欢你的鼻梁痣-_-,关关是难关但我们关关过[多多大哭],2025-07-01 00:06:27,1
丝丝歪呢_,7月的第一分钟  快乐哟[哈哈],2025-07-01 00:01:55,1
111111-cc,加油,2025-07-01 00:00:15,0
-消极悲观主义者,怎么样啊宝宝,2025-07-01 00:00:08,0
远舟渡谦林,加油努力,2025-06-30 23:59:57,0
心愿与你有关b,"会开心吗，一定会的是吧
",2025-06-30 23:47:06,0
1_阿柒,所以考上了吗,2025-06-30 23:46:02,1
1_阿柒,考上了吗[大笑][大笑],2025-06-30 23:34:06,0
小郭不开心a,上了吗,2025-06-30 23:23:54,0
陪你雨天看海-,加油陌生人 ,2025-06-30 23:23:15,0
1-偶尔,"上岸
",2025-06-30 23:17:10,1
Elena57-,六月最后一天，祝大家开开心心,2025-06-30 23:10:38,4
旺王碎冰冰啊,"今年能上岸的对吗，一定可以
",2025-06-30 23:00:08,2
衢州市花呀,许愿 7.11 7.12能听到[拜],2025-06-30 22:44:36,0
北巷栀酒07,加油[可爱],2025-06-30 22:43:22,0
---Sheep-----,加油,2025-06-30 22:39:36,0
冬令煦淮,上岸了！！有史以来最高分！！[抱抱][抱抱][抱抱],2025-06-30 22:38:59,1
L树枝猫,加油呀,2025-06-30 22:22:44,0
Handsomeboy_csx,一次分手,2025-06-30 22:13:23,0
纯爱夏娜,那么 加油,2025-06-30 22:06:28,0
愿小异,要好好的,2025-06-30 22:04:16,1
1葱油拌面,我一定要活成自己想要的样子,2025-06-30 21:35:49,2
萌萌萌萌萌萌一个彤,出来玩坐大巴 大巴坏掉刚好听到幸福就在下一个转角[流泪][流泪],2025-06-30 21:33:34,0
阿欣欣欣--,柒能算吗[好听哭了],2025-06-30 21:12:06,0
祭楝,考研一志愿上岸！,2025-06-30 21:07:57,1
用户4944121948,明年今天我一定过得非常好。,2025-06-30 21:02:13,4
懒猫_Y_UVTS,过了今天明天一定会更好的[多多难过][多多难过],2025-06-30 20:52:21,0
naivexj,中考必胜 顺利过,2025-06-30 20:28:29,0
小杨同学-E,应该吧,2025-06-30 20:27:01,0
J的melody,"科三一定会过的！
",2025-06-30 20:10:47,0
醉她诚,加油,2025-06-30 20:10:36,0
老爹------------,真的超喜欢这个Rap,2025-06-30 20:06:31,0
黑猫002,北京场唱这个好不好。,2025-06-30 19:44:58,0
胜利之剑777,"我是几
",2025-06-30 19:31:37,0
blinblinxuer,让你跑一会吧 摸摸头,2025-06-30 19:24:38,0
blinblinxuer,控制欲来了噜,2025-06-30 19:23:57,0
库昊爱詹炜,26届高考生有了焦虑，但也要加油2020.6.30[可爱],2025-06-30 19:04:01,0
小鸡蛋同学,"幸福飞快流逝痛苦却如慢动作.

我的眼泪会是你魂牵梦蒙的那片海吗.

仅剩的只有我还有那发霉的脾气.

我想一直拥有你而不是短暂的拥有.

我喝的烂醉你赢了但是我们两清.

我时常赌气你也随了我的意.",2025-06-30 18:32:56,0
小鸡蛋同学,"我一身的坏毛病注定失去很多东西.

看到别人幸福还是忍不住想起你.

誓言是口嗨说的人是突然就不爱的.

聊天记录往上翻回到你爱我的瞬间.

我是一朵难养的花你别放弃我.

隔着屏幕怎么心动冰冷的数据吗.",2025-06-30 18:27:28,0
酥酥小课堂,"今年我一定上岸
",2025-06-30 18:20:09,0
小鸡蛋同学,"分开以后你是我梦中的常客.

无所谓其实逼人回信息挺没意思的.

你后退的样子好像我们曾经没有相爱过.

总说顺其自然可我也有我的无奈.

记忆中模糊的脸再也触摸不到了.

爱人如养花也许最好的花匠是自己吧.",2025-06-30 18:05:03,0
茶蘼Amor,🤔,2025-06-30 17:30:33,0
11T11_,上岸！,2025-06-30 17:28:46,0
h1imgosu,确实不多啊,2025-06-30 17:14:02,0
故_塞,"就一个愿望让我喜欢的老师教我行不行，我已经尽我可能的期末考高了
求求求求求了",2025-06-30 17:11:18,1
在雨中ov7,会考上岸地理生物AA,2025-06-30 17:00:17,0
小小Kittyo,柒,2025-06-30 16:53:52,0
恩子-,好听,2025-06-30 16:46:59,0
咱可行了呢,26一研为定，梅乐🫡,2025-06-30 15:52:47,0
无忧hue,关关难过关关过！,2025-06-30 14:37:03,0
Biuuy-Biuuy,考上了吗,2025-06-30 14:33:10,0
真的h不错,考上了嘛？,2025-06-30 14:26:31,0
交话费_QbA5,加油，一定行,2025-06-30 13:24:36,0
交话费_QbA5,可以,2025-06-30 13:24:16,1
记忆的荒岛N,日子常新未来不远。,2025-06-30 13:14:25,1
Yanzi_QjS4,下午中考下午能上岸考上自己理想的高中！,2025-06-30 13:00:22,0
Ayrhy_热,加油,2025-06-30 12:49:10,0
爱吃笋的大熊猫yu,怎么样呢,2025-06-30 12:23:55,0
高木泰士yasu,好听,2025-06-30 12:04:48,0
发很久的梦,考上了吗弟弟,2025-06-30 11:23:31,0
十水_pxj,"。
",2025-06-30 10:11:05,0
刘肉小丸子_SsnS,加油加油[赞][赞] 愿自己所有专业科目和文化科目全都过  关关难过 但关关过~[哈哈],2025-06-30 10:05:06,1
Bristh,"
报道",2025-06-30 10:04:18,0
醉她诚,加油,2025-06-30 09:35:00,0
用户v2,今天中考🥹🥹,2025-06-30 08:41:44,1
2Ked_eng-,中考加油！🍀😼,2025-06-30 07:55:50,1
璇你妹妹,太难了,2025-06-30 07:55:41,0
ML1126lucky,考研加油💪上岸,2025-06-30 07:30:30,0
Y11x-,期末考试一切顺利 成绩排名进步,2025-06-30 06:43:12,0
Yaanne-,生地双A,2025-06-30 06:16:38,0
愿放下疼痛,"关关是难关但我们关关过！
小中考顺利！",2025-06-30 06:13:18,0
愿放下疼痛,恭喜！,2025-06-30 06:12:50,0
人世间有百媚千娇,🤗🤗🤗加油，会好的，总不会一直倒霉吧。,2025-06-30 05:43:41,1
hoshi-qsr,加油加油今天小中考T^T,2025-06-30 05:21:26,0
用户6412038427,接,2025-06-30 02:52:11,0
星星不再眨眼_X5An,怎么样了[可爱],2025-06-30 02:08:45,0
郁淋v-v,希望我能考上理想的高中,2025-06-30 01:32:45,0
xoxovo_,中考加油,2025-06-30 01:13:15,0
小家Jay,书看都没看过 今天晚上还去打台球[惶恐] 台球老板放的就是这首歌,2025-06-30 01:00:48,0
臵宝,尽力而为,2025-06-30 00:58:20,0
臵宝,我后天出成绩🌚,2025-06-30 00:57:40,0
小家Jay,尽力就好！,2025-06-30 00:57:03,0
小家Jay,唉 再怎么加油也考不上了 现在我的心跳的好快,2025-06-30 00:56:49,0
欣愿雨绵绵,生地会考高分🍀🍀,2025-06-30 00:56:13,1
臵宝,加油呀~,2025-06-30 00:55:33,0
小家Jay,明天中考加油,2025-06-30 00:49:17,4
小猫怎么委屈啦,绝“地”逢“生”！！,2025-06-30 00:33:40,0
小狗小狗不要哭m,加油！我即将到来的高中,2025-06-30 00:27:41,0
离离黎黎,考上了吗兄弟,2025-06-30 00:26:35,0
心盼雪,怎么样了 考上了嘛,2025-06-30 00:21:52,0
-我有一个愿望-,最近我也水逆烦的不行[西西发怒],2025-06-30 00:15:50,0
YQing__1,关关是难过但我们关关过,2025-06-30 00:10:53,0
秋雨尾,明天中考,2025-06-29 23:33:59,1
-萌界一把刀丶,会考顺利🍀,2025-06-29 23:19:25,1
承_淮,我一定会考上理想高中的！加油！一定,2025-06-29 23:07:16,1
siacansave,咋办,2025-06-29 23:07:05,0
再等冬天_R,高中时候听的 那个时候特别喜欢 现在毕业了 感觉又回到了那个夏天 那个下午 朋友激动的问我广播里放的是什么歌 我说是林俊杰的加油,2025-06-29 23:02:19,0
RockinL,不要了，题就解了,2025-06-29 22:57:38,3
风子信-05LJ,我们一定在一直在一起，克服异地恋，你也一定专升本成功,2025-06-29 22:55:03,2
长不大ll,我一定会考上国消,2025-06-29 22:52:19,2
风子信-05LJ,现在怎么样,2025-06-29 22:50:49,0
无趣怡生,明天一定要考上二中[流泪] 好运你来好不好,2025-06-29 22:49:20,1
世界第一披萨,会考加油！,2025-06-29 22:39:02,0
忧郁的普宁人,学习一点基础都没有平时考试最多只有200都 明天就中考了 我只希望比一模高200分就行了不勉强自己[大笑],2025-06-29 22:29:56,1
PaulYipday,"我也不相信
",2025-06-29 22:17:25,0
侑绤,广东终于终于终于要中考了,2025-06-29 22:16:54,0
侑绤,我也是！加油啊,2025-06-29 22:16:35,0
侑绤,"中考加油！
",2025-06-29 22:16:18,0
凯了个少,考上了吗兄弟,2025-06-29 21:57:09,0
00前睡觉,一周后面试，加油,2025-06-29 21:27:13,0
饭碗要保住,明天就中考了 我可以的！！！！,2025-06-29 21:18:41,4
djisndks,加油，我一定能变好,2025-06-29 21:13:40,0
7_left,会考上的 加油~,2025-06-29 21:10:02,0
超次元宇宙无敌战神爆裂王,看来我还需要练,2025-06-29 21:04:32,0
hoshi-qsr,明天会考 求会考上岸！！！,2025-06-29 20:46:29,2
依赖熬夜,"关关是难关 但我们关关过
",2025-06-29 20:42:30,3
Fairiu,会考大捷🍀,2025-06-29 20:19:54,1
薄芹衍,考上了嘛,2025-06-29 20:13:41,0
脆皮黄焖鸡,考上了吗,2025-06-29 19:43:17,0
bibi213,加油！你是最棒的,2025-06-29 19:12:59,0
Nirvana_5789,2025让我报的志愿录取我吧[拜][拜],2025-06-29 18:34:45,0
去橘子海听夏日漱石,加油呀,2025-06-29 18:14:55,0
文肉肉-,"关关是难关 可是 好像不能关关过了 好累呀… 
",2025-06-29 18:06:15,0
HDM_思念难捱如晚风,考上了吗,2025-06-29 18:05:28,0
哈哈_UGry,[可爱],2025-06-29 18:05:19,0
醉她诚,加油,2025-06-29 18:04:24,0
福兔兔齿痕,直到有另一个人,2025-06-29 17:55:25,0
格陵兰岛社牛章鱼,期末考试我一定要进全市前三百[憨笑],2025-06-29 17:42:47,0
皮卡无秋秋,人生不过3万天，关关是难关 但我们关关过,2025-06-29 17:40:43,0
弃我好好生活q,中考加油！,2025-06-29 17:24:05,0
X小汤圆TY,一定没问题[可爱],2025-06-29 17:21:42,0
厌_呆,中考顺利！,2025-06-29 17:16:27,0
痴blingbling,[多多耍酷],2025-06-29 17:04:42,0
隐藏的小少爺,中考顺利！关关难过 但我关关过,2025-06-29 16:37:47,0
黄黑眸,gogogo,2025-06-29 16:37:42,0
ABC尧,没见过？,2025-06-29 16:25:12,0
Jemmy__ALJL,2026年联考我一定能进前3000名,2025-06-29 16:11:55,1
泪枯缘,考上了吗,2025-06-29 16:07:59,0
slim__nono,好无聊 有没有人私信我聊聊天,2025-06-29 16:07:28,0
埃米_qVGh,生地会考双B💪,2025-06-29 16:06:03,0
养一栀猫,关关是难关，但我们关关过！,2025-06-29 15:37:40,1
AYio17,加油 ！今年完成心愿了吗！,2025-06-29 15:36:08,0
养一栀猫,会考加油加油加油加油加油加油加油加油加油加油加油加油,2025-06-29 15:34:37,0
yusufcy,考上了嘛,2025-06-29 14:46:55,0
到訨,报道,2025-06-29 14:45:47,0
A_胡图图_,".
",2025-06-29 14:43:31,0
金鱼hannn,学考加油,2025-06-29 14:37:37,0
阿阿阿谕,@锐啊锐小锐 ,2025-06-29 14:28:27,0
嘻嘻嘻惜海,会越来越好！,2025-06-29 13:54:04,0
穆小归,现在你也7️⃣啦,2025-06-29 13:52:24,0
风会吹向我_,啥,2025-06-29 13:47:31,0
可真惨,怎么样了考上了嘛,2025-06-29 13:45:53,0
蓝鹟,啥,2025-06-29 13:32:28,0
某刻3,谢谢宝宝[流泪],2025-06-29 13:20:56,0
OOKKK-1,谢谢[哈哈],2025-06-29 13:20:04,0
小若-j,加油！[逢考必过][100分],2025-06-29 13:05:16,1
凉哒哒哒哒哒,[大笑]加油,2025-06-29 13:00:46,0
贺长歌,加油哦宝宝,2025-06-29 12:58:49,0
贺长歌,天天开心,2025-06-29 12:58:39,0
某刻3,距离中考还有1天 希望我能考上高中！！[流泪],2025-06-29 12:18:51,0
下雨天--yu,沾沾喜气！！！,2025-06-29 12:17:16,0
-晚霞伴孤酒,怎么样了呢,2025-06-29 12:12:19,0
OOKKK-1,明天中考可以为我祈愿吗[哈哈],2025-06-29 12:11:14,0
你管那么多干嘛-,关关是难关 但我关关过,2025-06-29 11:32:20,0
雨行一舟,哎,2025-06-29 11:22:19,0
总有晴时,关关难过关关过 前路漫漫亦灿灿,2025-06-29 10:30:54,1
一块海绵_tt66,[爱心],2025-06-29 10:28:23,0
司玖羡,幸福就在下一个转角！,2025-06-29 10:26:23,2
不管我就是小仙女,来了来了😌,2025-06-29 10:01:05,0
是程_06,考上理想的大学[拜][拜],2025-06-29 09:53:47,0
醉她诚,加油,2025-06-29 09:20:32,0
痛泪冰心,一定要上岸！！,2025-06-29 08:51:25,1
平芜_SGhO,现在，算不算是轻舟已过万重山呢,2025-06-29 06:21:00,0
M建筑队,加油,2025-06-29 04:46:32,0
_涼茶泡剩飯,好久没好好睡觉吃饭了～感觉要跟这个世界说再见了,2025-06-29 04:24:50,0
美男子哎呀妈呀,关关是难关，但是我会关关过，我一定会过你这一关,2025-06-29 03:41:14,1
什么课都不发言的赵同学,祝你也祝我,2025-06-29 02:22:39,0
宛鱼啦,"我也是
",2025-06-29 01:48:46,0
Teddddddddddddddddddddddddddd,柒啦,2025-06-29 01:48:18,0
你猜爱是什么,重新开始永远不晚,2025-06-29 01:30:41,2
执着于妳Y_y,铁汁,2025-06-29 01:29:00,0
Jay-悦,关关过,2025-06-29 00:49:55,0
辣椒酱的忠实辣椒粉,很有感触了,2025-06-29 00:41:36,0
Librational,2025一定上岸！,2025-06-29 00:36:08,1
linnl-4,考上了吗,2025-06-29 00:31:02,0
郁汶霖,再难的事情咱俩一起面对一起解决好不好呀,2025-06-29 00:18:37,1
郁汶霖,必须的 再难的事情咱俩一起解决好不会呀,2025-06-29 00:17:49,1
Booxiteni,怎么样了少年！,2025-06-29 00:17:47,0
Booxiteni,啥？,2025-06-29 00:17:25,0
小U旭,@郁汶霖 ,2025-06-29 00:17:06,1
小U旭,“关关难过关关过！”,2025-06-29 00:16:57,1
小U旭,“关关难过关关过！”,2025-06-29 00:15:45,0
小U旭,考上了吗！？,2025-06-29 00:15:03,0
江岑昱,冲二中[大笑],2025-06-29 00:10:11,0
結局总难如意-,明天中考,2025-06-29 00:07:55,0
雷鸣霓虹橙青柠檬,2025我会被成都大学录取的，七月好运来,2025-06-28 23:58:57,1
f讨厌雨天,2026年高考我一定会努力冲上文科本科线！！,2025-06-28 23:52:55,0
第7次自杀,生地会考加油冯子珊,2025-06-28 23:47:47,0
爱热闹的熊,姐妹  推荐你去听听“山川是我” ,2025-06-28 23:45:24,0
夏川冬雪,我是几,2025-06-28 23:16:22,0
WAY_安love宇,法学生也在奋斗中✊,2025-06-28 22:56:14,0
咕了个_咚,你这品味没谁了[哀伤],2025-06-28 22:55:41,4
芒果大王tt,生地中考！加油💪,2025-06-28 22:48:45,0
語霖鈴,医学生期末周好难[多多大哭],2025-06-28 22:45:39,3
你好你好你好6666,加油,2025-06-28 22:27:19,1
停留于3的位置啦,实现了吗,2025-06-28 22:17:54,0
哦豁是个帅锅,咋说,2025-06-28 21:37:33,0
yuan_sPgw,我会成功的，一定！success[多多比耶][星星][星星][星星][星星],2025-06-28 21:09:49,0
目樱月,加油！,2025-06-28 20:56:43,0
想随时随地拉屎,考上了吗,2025-06-28 20:52:57,0
C_My妙,五年,2025-06-28 20:25:38,0
也没睡意,关关难过 关关过[好听哭了],2025-06-28 20:12:44,3
不爱吃香菜的小凯,不知道,2025-06-28 19:22:40,0
藤田上酱,"哈哈哈哈
",2025-06-28 18:20:51,0
Ov--9,后天中考 我一定可以的对吧！,2025-06-28 18:16:53,5
用户8321459125,加油,2025-06-28 17:43:45,0
她只配溫柔以待,我没有,2025-06-28 17:17:37,0
GAOMY_0513,2026我一定要上一本,2025-06-28 16:29:09,1
谦约_,现在你们都变成柒了,2025-06-28 16:15:23,0
星期八_Ace,啊,2025-06-28 15:52:03,0
Ether97_,加油[可爱],2025-06-28 15:17:43,0
只想被你左右情绪_,好！谢谢宝,2025-06-28 15:16:25,0
Ether97_,会的,2025-06-28 15:15:49,0
只想被你左右情绪_,生地会考会双A的对么[流泪],2025-06-28 15:14:14,0
少说泪痛的誓言,恭喜 沾沾 ,2025-06-28 15:08:38,0
醉她诚,加油,2025-06-28 14:57:20,0
咪咪儿啊,考上了吗,2025-06-28 14:52:09,0
锦鲤鱼1314,考上了吧，学姐很可爱,2025-06-28 13:31:00,0
锦鲤鱼1314,陶喆不也是[多多捂脸],2025-06-28 13:30:29,0
哎喲我服了-,"关关难过 关关过
前路漫漫亦灿灿[加油呀]",2025-06-28 13:07:36,1
RicDul,2025会考要加油[憨笑],2025-06-28 11:24:28,0
恨透回南天,中考加油！🍀,2025-06-28 11:15:45,0
别忘说晩安,加油 ,2025-06-28 10:49:27,0
SafirozClaud,特别特别美好,2025-06-28 10:47:17,0
X_088,谢谢宝宝！,2025-06-28 10:33:47,0
X_088,谢谢啊！,2025-06-28 10:33:41,0
X_088,谢谢！,2025-06-28 10:33:34,0
重生之我要考深大,加油！我要考深大,2025-06-28 10:31:45,0
重生之我要考深大,2026 年我一定要考上深大,2025-06-28 10:30:12,0
宝早點睡噢,关关难过但总会关关过[拜],2025-06-28 10:20:41,1
betterbetter23,"好听
",2025-06-28 09:32:01,0
波是波纹的BO,我很幸运,2025-06-28 08:09:53,0
L_lll_i,如果这是一场马拉松 那我们一起加油。,2025-06-28 07:07:27,0
Lentredeux,中考加油,2025-06-28 06:57:17,0
暖日续林章,穷且益志，不坠青云之志,2025-06-28 04:23:41,0
半空中w,都一样呀,2025-06-28 03:45:09,0
云村村民169389458556791,加油！能过去的,2025-06-28 02:42:16,0
纽约下雪-,关关难过关关过，前路灿灿亦漫漫。,2025-06-28 02:34:09,0
Raindrops-jj,感觉挺简单的，应该可以满,2025-06-28 02:25:00,0
猫爱吃南瓜,啊,2025-06-28 02:09:20,0
自窥症,换版本了？,2025-06-28 02:06:17,0
L11Dusk,考的怎么样呀,2025-06-28 01:36:39,0
who卍卍L,这首歌抖音现在才火 殊不知我早就已经吃上这个细糠了[可爱][可爱],2025-06-28 01:17:35,0
尋找黑暗中的黎明,30➕以上欢欢难过关关过,2025-06-28 01:11:44,1
车厘子T_T,[多多大笑][多多大笑],2025-06-28 00:52:49,0
琪琪花妖,生地会考顺利🍀,2025-06-28 00:38:02,1
反悔诗,明年这个评论区见，兄弟们,2025-06-28 00:33:56,0
反悔诗,2026老子要上西安工业大学[逢考必过],2025-06-28 00:33:36,3
yuiik-,关关是难关 但我们关关过 中考顺利🍀,2025-06-28 00:30:13,0
夏威怡的海,期末好成绩[祈祷][祈祷],2025-06-28 00:29:47,0
忧郁情绪伴我心,文案圈交友 新人需要注意什么,2025-06-28 00:14:41,0
厦门梁朝伟-T,"没见过
",2025-06-28 00:02:42,0
從前慢-慢,我看看我是V几,2025-06-28 00:01:27,0
厦门梁朝伟-T,"厦门欢迎你
",2025-06-28 00:01:16,0
顾熙遇,考上了吗,2025-06-27 23:57:07,1
Bae罗生门,加油 去做自己吧 困在爱里是笨蛋啦,2025-06-27 23:55:04,0
Nicooolleee,现在看到这条消息还是忍不住想祝贺你！太棒啦！恭喜🎉,2025-06-27 23:44:52,0
0011kk,我希望我能规律的生活，我能按时上下班，工作不用时刻提着心吊着胆，我能调整到一个我喜欢的岗位上去[多多可怜][多多可怜],2025-06-27 23:40:55,0
不知道起什么good名字,+1,2025-06-27 23:20:15,0
不知道起什么good名字,加油加油,2025-06-27 23:19:48,1
人世间有百媚千娇,这个月真的水逆，周周出事。我感觉到十分无语😅但是那又怎，又如何呢。我才22岁，都说我已经年纪大了，老了，可我自己觉得我才是早上九点的太阳，不早不迟，刚刚好[开心][开心][开心],2025-06-27 22:59:39,3
小鬼爱吃蒜,考上编制加油！,2025-06-27 22:37:46,1
一念_EiBc,喜欢MC,2025-06-27 22:20:26,0
落幕Bo,怎么样了,2025-06-27 22:19:58,0
郑润泽怎么那么迷人,祝我这次期末考进前四十！！生地会考顺利！考的全会 蒙的全对,2025-06-27 22:16:27,0
郑润泽怎么那么迷人,会考顺利！,2025-06-27 22:15:10,0
严浔寒霖,保佑我这学期期末考前五十！！！,2025-06-27 21:50:56,0
-碎成海苔-,生地会考加油[多多大笑],2025-06-27 21:42:27,1
TheShun77,明天面试加油[强],2025-06-27 21:38:45,1
枯木逢春03,关关难过关关过[多多可怜],2025-06-27 21:30:33,0
Jvisdfy,没有呜呜呜 你呢,2025-06-27 21:10:23,0
薄荷昧春,最喜欢的那句：地震时你想和谁拥抱，什么是生命中的美好。,2025-06-27 21:08:09,0
我想养只修勾,jj明天我要去看你的演唱会啦！,2025-06-27 20:53:22,1
hnnim,中考加油,2025-06-27 20:44:33,0
DrZ_,我第一次知道还有这首歌🤣🤣🤣，原来和热狗🌭合作过,2025-06-27 20:28:35,0
乖乖小怪怪,生地会考加油！！[100分][逢考必过],2025-06-27 20:18:42,0
Yue_月z,hmy 你是最棒的！,2025-06-27 19:54:37,0
葳渊,咋样？老弟,2025-06-27 19:37:44,0
枯木逢春xie,"来L,",2025-06-27 19:23:45,0
枯木逢春xie,[伤心],2025-06-27 19:23:29,0
纭纭_a,加油呀 祝我也中考加油！,2025-06-27 19:20:51,0
听听27TVT,怎么样了呢,2025-06-27 18:56:12,0
慢慢小可,"1
",2025-06-27 18:29:42,0
陶吉吉有一张大粽脸,可以,2025-06-27 17:58:54,0
江南遇水成祸殃,现在呢？,2025-06-27 17:54:35,0
zyx1_VTHj,复读,2025-06-27 17:49:02,0
好事在下一个转角,加油 我明年也要高考了！ 一起上岸,2025-06-27 17:41:07,1
呆板艺术家Q-Q,2025生地会考加油!,2025-06-27 17:17:54,2
Raindrops-jj,我考完啦谢谢,2025-06-27 17:03:13,0
树野--,"看看是几
",2025-06-27 16:12:40,1
我能好的,真的假的🤨,2025-06-27 15:22:50,0
-泪水是我的教训-,考上了!!!,2025-06-27 14:38:09,2
蓓蓓小盆友哇,爱了,2025-06-27 14:07:04,1
L11Dusk,加油呀,2025-06-27 14:06:25,0
L11Dusk,2025了你考上了吗,2025-06-27 14:03:31,0
bungzEGOk,关关是难关，但我们关关过,2025-06-27 13:27:36,2
Raindrops-jj,距离生地会考还有2个小时,2025-06-27 12:38:20,3
波士顿爬爬虾,心累，想被毛茸茸治愈我这疲惫的心灵，这个月忙得焦头烂额，估计还要忙到七月中旬，好想快点去旅游[生气][生气][生气],2025-06-27 12:24:50,0
Esc-Four,出成绩了 定了吗[多多可怜],2025-06-27 12:24:01,0
-她很爱小新,考上了吗,2025-06-27 12:21:01,0
最爱小小宋,笑死，听火的那段这么久一直无感，在抖音听了热狗那段立马加歌单,2025-06-27 11:55:44,0
____格調1808,我因为rap来的🥲,2025-06-27 11:46:07,2
是小阿允,中考上岸,2025-06-27 11:45:46,0
秋冬飞_絮,考上了吗,2025-06-27 11:40:34,0
共绘浪漫_G,加油,2025-06-27 11:35:50,0
共绘浪漫_G,咋样,2025-06-27 11:35:28,0
减脂期1,rap部分才是精髓,2025-06-27 10:56:35,4
唱一首emo麦克,"10年了 现在应该过得很幸福吧
",2025-06-27 10:54:52,0
海的晨昏线,怎么样呀！加油,2025-06-27 10:26:12,0
留下不惠,2025-6-27谁还在🔂,2025-06-27 09:59:47,0
Emm没关系,一切顺利[大笑],2025-06-27 09:46:35,0
鱼於舆,后面。,2025-06-27 09:39:21,0
Yzx_Psyche,中考上岸,2025-06-27 08:53:29,0
Hailvv,^_^^_^,2025-06-27 08:44:53,0
MissG哈,关关是难关，但我们关关过，加油,2025-06-27 08:24:52,1
醉她诚,加油,2025-06-27 07:45:34,0
重生之我要当理科天才,中考上重高！[哈哈][哈哈],2025-06-27 07:28:12,1
LLii_Y0212,"求过！中考一定也要过啊
",2025-06-27 07:20:38,1
我的错觉雨季,考试上岸！！！,2025-06-27 07:14:30,1
小吕做事小叮当,考上了吗？,2025-06-27 07:11:03,0
别后十三春_ai,上岸了吗？宝宝,2025-06-27 05:57:58,0
别后十三春_ai,加油！你就是最棒的,2025-06-27 05:57:34,0
别后十三春_ai,考上了吗,2025-06-27 05:56:38,0
i极平安顺遂,关关难过关关过,2025-06-27 05:33:16,0
棠琯526,关关难过一定关关过,2025-06-27 05:12:46,0
不知名网友789,加油！！！！！！！！！！！,2025-06-27 03:51:16,0
初爱旧念新欢,我也没见过六,2025-06-27 03:45:33,0
清木小小T,关关是难关 但我会关关过,2025-06-27 02:17:12,0
什一愿,好听,2025-06-27 01:55:38,1
什么海星h,在学校的最后一个晚上啦 希望能成为了不起的大人,2025-06-27 01:28:05,1
痛名为禹_,考上了吗,2025-06-27 00:50:03,0
大老虎-_,安艺！,2025-06-27 00:37:04,1
卐战爱卐,一切顺利,2025-06-27 00:18:19,0
月艌--,"祝愿我被录取到一个满意的学校！
",2025-06-26 23:58:44,0
TchaTcha,一切顺利,2025-06-26 23:53:31,0
星空_rrJw,爱的人到处跑,2025-06-26 23:51:34,0
lang170512,一定会好的,2025-06-26 23:41:53,1
醉她诚,加油,2025-06-26 23:41:50,0
云村村民168214288510562,27年考研一定要上岸啊,2025-06-26 23:40:53,0
iing_G,如愿了嘛[多多大哭],2025-06-26 23:35:49,0
小熊攻略,rap绝了,2025-06-26 23:17:39,1
讨厌随便吧,关关难过，我们关关过，中考大捷,2025-06-26 23:14:26,0
老公被打我卖萌,英语作文求给我俩位数啊，10分也行啊，语文作文查重率不要超过50%啊[多多大哭],2025-06-26 22:54:55,0
我不是对谁都好-hy,可是安徒生可以续写故事 我和你的故事 却无法续写.,2025-06-26 22:51:49,0
我不是对谁都好-hy,从一开始互相牵绊到争吵 用了多少天.,2025-06-26 22:50:21,0
我不是对谁都好-hy,我遇到了一束光可是她暗了又亮又熄.,2025-06-26 22:49:09,1
想不出名字真难,关关是难关，我们关关过。[可爱]祝大家生活加油，考试加油,2025-06-26 22:47:42,0
我不是对谁都好-hy,爱哭不是你的错你是全世界最棒的小孩.,2025-06-26 22:47:28,0
我不是对谁都好-hy,我拥有的并不多所以我把你当做我的全世界.,2025-06-26 22:45:41,0
我不是对谁都好-hy,你终将被年少不可得之扬因其一生.,2025-06-26 22:41:45,0
我不是对谁都好-hy,你的好独一无二我也不想让他人拥有.,2025-06-26 22:37:58,0
我不是对谁都好-hy,其实我比你更早知道我们不合适但我舍不得你.,2025-06-26 22:37:14,1
时不长,咋,2025-06-26 22:37:12,0
Tjayunn,祝愿工作顺利 面试顺利,2025-06-26 22:26:28,0
我不是对谁都好-hy,早睡我知道我们不会和好的.,2025-06-26 22:26:08,0
我不是对谁都好-hy,一句先苦后甜让我苦了一年又一年.,2025-06-26 22:25:42,0
我不是对谁都好-hy,“墨水被水冲走了 就像时间冲淡了曾经的承诺”,2025-06-26 22:23:39,0
我不是对谁都好-hy,可惜生活不是电影错过了就真的错过了.,2025-06-26 22:20:49,0
我不是对谁都好-hy,最初的约定是永远不分手.,2025-06-26 22:20:16,0
大碗宽面05,来了,2025-06-26 22:19:49,0
我不是对谁都好-hy,如果有一天我消失了你不要掉眼泪在我不在的日子里我希望你开心忘掉.,2025-06-26 21:57:47,0
我不是对谁都好-hy,上辈子有缘 这辈子我就不跟你了 下辈子我们再做情侣.,2025-06-26 21:55:42,2
我不是对谁都好-hy,我懵懵懂懂的加入爱情却发现每个人都有深爱的人.,2025-06-26 21:54:43,0
我不是对谁都好-hy,你在的每个瞬间我都想说有你好幸福.,2025-06-26 21:52:14,0
我不是对谁都好-hy,没有谁会永远陪着谁 但永远都会有人陪.,2025-06-26 21:51:05,0
我不是对谁都好-hy,你总担心失去谁 谁会担心失去你.,2025-06-26 21:50:44,0
我不是对谁都好-hy,我该怎么告诉你我真的很爱也很害怕失去你.,2025-06-26 21:50:20,0
10这个数字,愿我能考上重高！[拜],2025-06-26 21:30:20,0
爱意东升西落-___,高考失利了 但是加油吧,2025-06-26 21:29:48,0
tzsle,四个,2025-06-26 21:20:57,0
世界温柔_wan,“关关是难关 但我们关关过”,2025-06-26 21:17:08,3
没抵达的存在1,没有没有,2025-06-26 21:02:02,0
EN-SANK,"如何兄弟，如愿了嘛
",2025-06-26 20:47:46,0
梻伦,不知道,2025-06-26 19:58:30,0
爱吃鱼的-猫007,愿望实现了吗,2025-06-26 19:42:00,0
暴雨帅气花生酥,高考上岸,2025-06-26 19:39:46,0
hope脆脆莎,地生中考加油！,2025-06-26 19:27:22,0
唐志宁,出分啦，结果如何呢[可爱],2025-06-26 19:26:03,0
拒画饼,恭喜🎉,2025-06-26 19:21:24,0
Apr-zerol,你考上了吗 [多多大笑],2025-06-26 19:08:29,0
我不是对谁都好-hy,啦啦啦,2025-06-26 18:56:49,0
我不是对谁都好-hy,我不奢求你有多好 愿你无忧愿你平安.,2025-06-26 18:55:57,0
Cicada0-1,关关难过关关过,2025-06-26 18:50:31,0
相期-,一样7,2025-06-26 18:38:36,0
修勾与fa,28号的考试我一定过！！加油！！,2025-06-26 18:37:09,0
不知道要干嘛_a0iw,确实,2025-06-26 18:13:42,0
每月5号,关关难过 关关过 我一定可以的！！！,2025-06-26 18:07:50,1
仙仙仙贝大王,2025年6月27日生地会考我一定会夺取双A，一言为定❗️🤜🤛,2025-06-26 17:53:46,0
玫瑰白塔a,决定复读了，相信自己明年一定可以上岸,2025-06-26 17:48:31,31
我尿尿抬腿,谢谢哥们,2025-06-26 17:42:43,0
江南雪未眠h,咋样了兄弟,2025-06-26 17:01:31,0
hero成思,好巧,2025-06-26 16:16:16,0
发呆呆呆嘉_10,中考成绩没几天就要出了，这几天做什么事都不顺，心情一点都不好，希望中考不要再让我失望吧，幸福就在下一个转角，祝我成功，710[拜][拜][拜]🥹🥹🥹,2025-06-26 15:40:09,0
NetEaseYunBoy,"我都没见过
",2025-06-26 15:05:21,1
减脂期1,接,2025-06-26 14:57:29,0
减脂期1,关关难过关关过,2025-06-26 14:53:33,0
佩佩子--,妈妈：我没说过🤷,2025-06-26 14:53:13,0
醉她诚,加油,2025-06-26 14:45:38,0
冷冷ooi,出成绩了吧,2025-06-26 14:02:39,0
冷冷ooi,怎么样 到了吗,2025-06-26 14:02:24,0
冷冷ooi,不是哦 你是很个情绪很饱满的人,2025-06-26 14:01:35,0
夜落錵,我一定专升本上重邮！,2025-06-26 13:10:43,5
坚韧宽容充盈,高考多少分？哥们？,2025-06-26 13:02:25,0
甜甜圈XHL,毕业了和crush合照了感觉一切似梦似幻，会想到这个片段我就会流泪谁能懂我们泪失禁,2025-06-26 12:48:56,1
gerrns,"上岸啦！！！
我们都要加油[星星眼]",2025-06-26 11:25:11,1
本少帅呆呆,如何了,2025-06-26 11:01:46,0
随机吃一个,"顺利
",2025-06-26 09:31:26,0
Paletteed,我就是🦌,2025-06-26 09:12:15,0
listen-tohfh,关关是难关 但我们关关过,2025-06-26 08:41:48,1
臭小学生啊啊啊啊,厦大等你,2025-06-26 05:02:11,0
若薇ovo,查完分了吗你一定考上了吧厦门很美哦,2025-06-26 04:00:49,0
Whisper77772,额,2025-06-26 02:41:42,0
宇宙无敌超级暴龙战士_GTR,？,2025-06-26 01:47:50,0
斯图巴塔,抖爸爸直播间朵儿说肉肉 下午2.30晚上10.30直播 这个毕节六盘水教养肉女主播是个骗子 利用感情恋爱诱骗诱导刷礼物 ➕私聊让转账骗取他人 已经有个别朋友陆续被骗 她就是利用感情博取同情 编故事身世博取同情 钻小额金额空子普通人无法维权 识破后还被诋毁 希望男女各大多肉友已此警戒,2025-06-26 01:04:21,0
宜梧_,中考顺利!关关难过关关过!,2025-06-26 01:02:05,3
殉情雪,中考加油,2025-06-26 00:15:01,0
殉情雪,说一声加油一切更美好,2025-06-26 00:14:47,0
谁用了本小姐的昵称,"我就是因为rap来的
",2025-06-26 00:07:48,10
彬彬哇,好过分,2025-06-26 00:06:50,0
痛在阴雨天_Rain,今天查分了希望能上岸 好紧张,2025-06-26 00:02:46,0
羊港,地生中考加油！,2025-06-25 23:31:47,0
星星光来-,关关是难过 但我们关关过,2025-06-25 23:17:54,2
猫耳蝴蝶骨,考上了吗宝宝！！！,2025-06-25 22:51:50,0
造剑-,"明天中考，我相信我自己
",2025-06-25 22:49:40,1
叙竹刈诗,关关过,2025-06-25 22:49:26,0
雾屿困,关关是难关，但我们关关过。,2025-06-25 22:18:03,0
一起去听晚风,今天高考出分了 舞蹈类上一段了！！真的很激动 没想过！,2025-06-25 22:17:39,0
coco-opps,期末考加油，就是明天！考的全会蒙的全对！社会考到背过的！科学简单点啊！🥸🍀🍀🍀🍀好运来,2025-06-25 22:15:17,1
宇宙漫游幻想家,关关难过关关过！加油！！！,2025-06-25 21:55:47,2
0079Xx,中考必胜！jj祝我一臂之力,2025-06-25 21:29:35,1
神诺亚1806,等着我，河南工业大学研究生，2026年,2025-06-25 21:13:53,0
noarswer,关关是难关 但我关关过 我毕业考顺利上岸！,2025-06-25 21:09:56,0
我不会投篮,6b,2025-06-25 21:06:07,1
17宝宝_,手术顺利！加油！！大家都要健康平安[好听哭了],2025-06-25 21:05:30,0
仅余-,明年高考，347天了，祝我好运吧[可爱],2025-06-25 20:52:18,0
醉她诚,加油,2025-06-25 20:51:26,0
仅余-,加油加油，一定会好起来的,2025-06-25 20:51:06,0
仅余-,耶？看一眼,2025-06-25 20:50:25,0
h呼呼o_O,今天北京三开我抢到了 林俊杰我来看你了[喜欢][飞吻][飞吻][飞吻][做鬼脸][做鬼脸][做鬼脸],2025-06-25 20:38:12,1
wwwwwwoshiwoshi,高考失利了[流泪]准备走3+2拿到本科学历，加油！[痛苦],2025-06-25 20:20:26,0
jjjisungiiii,"ye
",2025-06-25 20:16:04,0
睡觉少说话a,关关是难关 但我关关过 生地结业考顺利上岸！,2025-06-25 20:08:23,0
残荷诉雨眠,你的位置太高了，我现在只能仰望你，我会努力靠近你的，因为你我也喜欢上了这首歌，加油吧,2025-06-25 20:06:49,0
老J不喝酒,？,2025-06-25 19:43:14,0
慕夏续集,七月找到一份好工作[大笑],2025-06-25 19:33:12,0
Minnow-Lling,期末加油！！！,2025-06-25 19:15:29,0
青灯语,恭喜上岸,2025-06-25 19:04:27,1
y7_8,可以上了吗,2025-06-25 18:56:46,0
L-芙洛,2025年许愿过重高线,2025-06-25 18:51:56,1
王佳琳2007,@蕾的网易 哈哈加油加油⛽,2025-06-25 18:49:15,1
O就这_样吧O,高考加油！！！！,2025-06-25 18:05:36,1
健健的恶霸,出成绩了考上了嘛[哈哈],2025-06-25 18:00:48,0
晚安小贝壳,高考上岸！,2025-06-25 17:33:59,0
昏蒂史,"啊
",2025-06-25 17:15:06,0
葡萄树___u,高考上岸！,2025-06-25 16:54:37,0
zhongnn9,中考加油,2025-06-25 16:33:41,1
EsmeTttttt,怎么样姐妹,2025-06-25 16:21:11,0
小音小音OvO,我来,2025-06-25 16:16:50,0
K_Careful_S,中考稳定超常发挥(^V^)！！,2025-06-25 15:58:53,0
今天也好饿ss,好棒！恭喜你呀,2025-06-25 15:50:59,1
怀里有妹子了,我木知啊,2025-06-25 15:50:13,0
怀里有妹子了,啊啊啊,2025-06-25 15:49:48,0
杨春面0718,2025年高考我会上岸的！,2025-06-25 15:36:58,0
这名我想了六天,高考上岸,2025-06-25 14:35:57,0
慢热高冷男神,高考上岸[拜],2025-06-25 14:30:10,0
-雨和文,高考关关过,2025-06-25 14:27:00,0
矮油啊优,加油 最亲爱的我自己 我最相信你了,2025-06-25 14:08:15,2
Kobiiii_,maybe,2025-06-25 14:01:46,0
Uan_xxxx,我考上钢琴主修了！！在两个月前我还陷入焦虑 觉得自己能力不足以考上钢琴主修 于是我在焦虑中发芽在焦虑中生长 体会到真正的努力一定是有回报的！感谢所有支持我鼓励我的人[泪目],2025-06-25 13:57:15,1
我叫杨诗敏,高考550+,2025-06-25 13:42:47,0
马时汉,马时汉送您一张会员礼品卡，快来看看TA的祝福吧! 快来领取吧 https://music.163.com/prime/m/gift-receive?p=8ltwRd7GQETithw8PfL6MFqFtXP6dDpNoPmo-p8xKI4Ym2yxtitkr6ZNyv_H2KO_eBHhemVBO2mnK-UNUxegFo-8HPf8aaLch_IB1fzySRc&d=Nzm2uKeZSCTTo7jzHNheCA,2025-06-25 13:36:44,0
Yuxuooi_,关关难过关关过！,2025-06-25 13:31:47,0
小鱼hy_yyy,四川大学,2025-06-25 13:16:03,0
风好漫过燎原,高考540+,2025-06-25 13:10:06,1
风好漫过燎原,关关过,2025-06-25 13:09:52,0
江博毅,什么,2025-06-25 13:09:32,0
XYl-21,来还愿了 过特招线了[流泪][流泪][流泪][流泪],2025-06-25 12:53:21,3
木two--,我是海鸥！让开！（用翅膀扇别人大嘴巴子）（落在桌上）（疯狂偷吃薯条）（被发现）（嗷嗷大叫）（用翅膀扇别人大嘴巴子）（变成海鸥）（飞来飞去）（飞来飞去）（飞来飞去）（飞到码头）（上空盘旋）（去找薯条）（怎么没有薯条）（我要疯了为什么没有薯条）（找到薯条）（往下俯冲）（叼一根薯条）,2025-06-25 12:53:02,0
Hu_Xx7,高考上岸,2025-06-25 12:44:02,0
Mikey_qi,祝我高考上岸450➕,2025-06-25 11:46:13,0
数理化a,江西查分了。怎么样呢？上岸没？,2025-06-25 11:42:48,0
景畔-,"愿我高考上岸！
",2025-06-25 11:40:53,1
jasoop,高考成绩要出了希望能有一个理想的分数[爱心],2025-06-25 11:37:16,0
x筱汐x,高考上岸,2025-06-25 11:08:39,0
oyayaxi,高考上岸！好运相伴！🙏祝自己取得好成绩！,2025-06-25 10:59:49,2
小橘-_u,"祝我上岸！
",2025-06-25 10:37:34,1
IS10817L,金柒,2025-06-25 09:51:56,0
醉她诚,加油,2025-06-25 09:07:58,0
w王老吉x,生地会考加油!!!!考个60+的分数,2025-06-25 06:36:56,1
寄风予瑶,中考加油！！！,2025-06-25 06:36:30,2
爱吃番茄aaa,今天中考加油✊🏻,2025-06-25 06:06:51,2
年年有_雨,今天期末考我可以的,2025-06-25 05:43:49,4
_你有事吗,高考上岸,2025-06-25 05:28:33,0
特别屌,[拜],2025-06-25 05:20:53,0
爱喝鱼头汤Oo,高考上岸,2025-06-25 04:35:47,0
汤_圆__,一切顺利,2025-06-25 03:50:34,1
幸福悖论-,学校午休放的歌。。。,2025-06-25 03:29:17,0
还不变脸呢,"啦啦啦
",2025-06-25 03:09:19,0
张少祖1,600+！！！,2025-06-25 02:57:49,0
小狗小狗不要哭m,林俊杰鸟巢能不能唱这个[流泪]虽然没抢到票如果JJ真的唱了这首去了的JM可不可以拍下来[流泪][流泪]真的好想听live,2025-06-25 02:06:55,0
哈哈哈哈哈哈哈哈酱,来了,2025-06-25 02:04:20,0
扶我起来抄笔记,看看我是啥,2025-06-25 01:18:29,0
山风在哪a,629！🌈🌈🌈🌈🌈🌈🌈🌈🌈🌈,2025-06-25 00:46:22,3
山风在哪a,629！🌈🌈🌈🌈🌈🌈🌈🌈🌈🌈🌈🌈🌈🌈🌈🌈🌈🌈🌈🌈🌈🌈🌈🌈🌈🌈🌈🌈🌈🌈🌈🌈🌈🌈🌈🌈🌈🌈🌈🌈🌈🌈🌈🌈🌈🌈🌈🌈🌈🌈🌈🌈🌈🌈🌈🌈🌈🌈🌈🌈🌈🌈🌈🌈🌈🌈🌈🌈🌈🌈🌈🌈🌈🌈🌈🌈🌈🌈🌈🌈🌈🌈🌈🌈🌈🌈🌈🌈🌈🌈🌈🌈🌈🌈🌈🌈🌈🌈🌈🌈🌈🌈🌈🌈🌈🌈🌈🌈🌈🌈🌈🌈🌈🌈🌈🌈🌈🌈🌈🌈🌈🌈🌈🌈🌈🌈🌈🌈🌈🌈🌈🌈🌈🌈🌈,2025-06-25 00:39:49,3
遇他的对白,希望2025年高考文化470+最好490+,2025-06-25 00:37:39,4
星期7i_,还有十一个小时查成绩 希望都能顺利上岸！,2025-06-25 00:34:55,4
丞诺xin,生地大捷[拜],2025-06-25 00:28:05,0
_autumnsong,今天一听就迷上了,2025-06-25 00:23:27,0
倒霉蛋_t_,高二期末考试加油！关关难过关关过！懂事点别让我闹心了！,2025-06-25 00:17:59,0
700XT,查分顺利，加油！,2025-06-25 00:16:57,0
_终点等你的人_,关关是难关，但我们关关过,2025-06-25 00:14:07,0
不如早点睡呐-,关关是难关 但我们关关过,2025-06-25 00:13:08,1
LOVEYOURSELF_08,期末考 让我过 过 过🥰🥺,2025-06-25 00:06:54,0
jul24_ss,哇唔,2025-06-24 23:50:53,0
我的爱自取,来了,2025-06-24 23:47:18,0
Cxxxenrrdt,加油兄弟,2025-06-24 23:40:28,0
Cxxxenrrdt,马上查分好慌,2025-06-24 23:40:22,0
烛半-21,哦豁？,2025-06-24 23:40:06,0
莫等蝉,保佑成绩490及以上[拜][拜][拜],2025-06-24 23:37:44,2
云村村民16645302231834,还有半个小时,2025-06-24 23:28:47,1
-nOvOn-,高考一定要上岸！考入理想大学！[逢考必过],2025-06-24 23:25:09,0
只是比不上,明天就要查成绩了，希望分数超出预期，考上自己心仪的学校🏫,2025-06-24 23:21:42,1
七七的桃木剑,一定要考上上海政法大学！！！,2025-06-24 23:19:41,1
肉肉肉a,2025年喽，25日下午就要查分啦，希望我们大家都可以如愿收获成绩！！希望我和我的朋友没问呢都顺利公办本科上岸！！希望去年的遗憾，是今年成功的铺垫！,2025-06-24 23:18:23,1
冬恋hy,明天出成绩希望我高考分数490+,2025-06-24 23:16:30,1
卢仕芳dsa,蛙趣 劳资很爱那段rap  两者结合循环几百遍了,2025-06-24 22:57:46,5
OwhateverV,2025届文科………,2025-06-24 22:56:30,0
rahushalom,加油加油我可以的，我要上岸[拜][拜][拜],2025-06-24 22:44:51,0
CharliePautg,来了,2025-06-24 22:42:06,0
坐在外面乘凉,加油！！！[加油],2025-06-24 22:41:26,0
wonder陆,林俊杰保佑我！,2025-06-24 22:35:36,0
许愿xxxx__,我一定可以取得好成绩的,2025-06-24 22:17:14,2
LuSink,关关是难关 但我们关关过！,2025-06-24 22:11:07,3
病了我去洗漱了,祝我7月的所有考试取的我满意的成绩,2025-06-24 22:01:32,0
软芙甜塔,关关难过关关过,2025-06-24 21:56:21,1
小则乖宝dai,幸福就在下一个转角,2025-06-24 21:51:30,1
眠常叙,已如愿518,2025-06-24 21:48:09,0
谦下来的阳,求求了，高考500+,2025-06-24 21:41:47,2
梓婻-,"希望收到你的好消息
",2025-06-24 21:33:46,0
晗笑200306,关关难过关关过[小红花],2025-06-24 21:27:21,1
困成憨包fa,谢谢☺️,2025-06-24 21:21:15,0
wyhvk-,😭😭今晚子夜查成绩 求过2本,2025-06-24 21:19:41,0
优在哈哈YR,明天查成绩，成功上岸，本科录取[多多比耶][多多比耶][多多比耶][拜][拜][拜][拜],2025-06-24 21:17:27,1
好n困,一起加油，都上岸!!,2025-06-24 21:03:04,0
小朱545,高数考试😭😭😭求过,2025-06-24 20:53:47,0
Angelou_y,明天查分，愿金榜题名，不负15年寒窗苦读[拜],2025-06-24 20:41:46,1
小熊_YYH,希望明天查分高考文化450分[拜],2025-06-24 20:41:22,2
